client_id,default_probability
CC_0012A082B7B7,0.12342246220196885
CC_0012BC27DFB6,0.1291749100265687
CC_001563B2143D,0.11697774683640294
CC_001B46930B6F,0.09240943040933382
CC_001D771E1C9F,0.04783751586276865
CC_0028BD91E759,0.0727584063663369
CC_0029971D7EF4,0.27689967588425884
CC_002B8C00B239,0.04291976318003946
CC_0035DFA86185,0.7536593702152522
CC_0042D11A6D0F,0.049364657509764175
CC_004D21A4ABB6,0.11251795134977892
CC_004EE05FC2EF,0.4780264139642764
CC_0050E546EDCE,0.7035158792507622
CC_005D7F31F785,0.05806961599243724
CC_0079996ED779,0.1954930672775972
CC_0082B4E1D9CE,0.04952637022292108
CC_00B01C73CEB8,0.16148386296975611
CC_00B74FFEEA53,0.18551364234734172
CC_00BF6791C18C,0.10073267260106654
CC_00C5E30B288C,0.30428937507479953
CC_00C68CE1CC12,0.3682031961704353
CC_00CC4148959F,0.15365184592875517
CC_00D428772D30,0.39152694222280754
CC_00D5806C7783,0.09204362726725558
CC_00D5C677C2AE,0.4420111753987756
CC_00DA781C4D66,0.10985282208058746
CC_00E7E2D6B548,0.2577117873851188
CC_012BC0A68DC1,0.08060015870029212
CC_014911033882,0.15253650791028883
CC_014F7EF4E595,0.717093251206094
CC_016501B25F2B,0.05254551293634382
CC_016767D9B049,0.03469291155470508
CC_017598512EA2,0.14730253776302912
CC_01941532C804,0.18873642213485778
CC_01A66C6E22FF,0.7462965185415182
CC_01A684355200,0.19495022327659473
CC_01AC62740827,0.1354500292293501
CC_01B0EFE5DB79,0.23426166093276155
CC_01B876B2988F,0.2225801810268864
CC_01CBB64C1DB1,0.3643797417552812
CC_01DBD993A1FC,0.06852085481509193
CC_01DC49D55C2D,0.03575795475415149
CC_01EF18A3ADBC,0.4964814169172737
CC_020252D37557,0.167392692706141
CC_020BCDBCA8CA,0.3245930467552722
CC_021A6DD97ED4,0.1407090565578105
CC_022054506F33,0.06861243219090966
CC_0225D6231EAA,0.05446346115578837
CC_024B524B0176,0.028483986811034586
CC_0256303A6DC0,0.2162370814733113
CC_02589E6E4714,0.05792267846095972
CC_025927626E10,0.7391936981437218
CC_0283023DB294,0.03951971810775314
CC_02903C6FC0C0,0.22046834637437387
CC_0296E572CF21,0.03312712583867338
CC_02999E509460,0.6372682266925414
CC_029E835D91BB,0.05640141113071287
CC_02A32EC3526B,0.08989588248314949
CC_02A393632CD3,0.27933283172882023
CC_02A3E21B28BC,0.7499365240498514
CC_02A4B4644529,0.10002587457795468
CC_02B43865B30E,0.05404399482436781
CC_02B5A1A178A2,0.1377706525216016
CC_02BC4785773C,0.24491798232696735
CC_02BEDD9627DD,0.6862480385110286
CC_02CD2C1EFBB0,0.10576966549520633
CC_02D4430492D3,0.32668156971374
CC_02F79A06858B,0.10427996205600375
CC_02FA254C9D43,0.028373782462932404
CC_03062402B4EE,0.05854827294107792
CC_03072CF2EC63,0.3180330448467163
CC_0315369B079D,0.10741131530237745
CC_03199242A810,0.16390442391464843
CC_03214BA76DB4,0.2314089225945856
CC_032735A44CC6,0.07657089297145801
CC_0330340F2FE5,0.1629330979560297
CC_033236FAAFDB,0.15441051835132774
CC_0337298F948C,0.042930021444442495
CC_0341CAE5E2E8,0.2416343023986506
CC_03434E2371CD,0.32996151479624486
CC_03547AAB948A,0.23790319768649537
CC_0354D0453D8E,0.11514835235333144
CC_03592E51F427,0.7930931665422754
CC_0365DEB525A3,0.08195342903086689
CC_036782052BC9,0.3324514938325624
CC_036977A50F1A,0.14927071174386247
CC_03720D08B8C2,0.2414894599256667
CC_038AE599BCA8,0.26030323794305676
CC_039E67CDFE1E,0.3849955905909504
CC_03AC962FC717,0.1943498134789491
CC_03B00DFA3A85,0.7961455370097319
CC_03BC6380E968,0.45260160247811027
CC_03BC730E0B02,0.023357324603745278
CC_03BD4F22DA3D,0.13318043564946508
CC_03C7E1EF6F69,0.8008948994903583
CC_03C9FA383477,0.0801025495312374
CC_03D1AAE90CA6,0.05319872673042312
CC_03DBB9598F39,0.13312921896174254
CC_03F18B43797C,0.11631764852278349
CC_03F80118E46D,0.05146166664216906
CC_0405E0151A6D,0.15720677302492467
CC_041FEE6C805E,0.37219360275850927
CC_042F88EE269B,0.18952552845744622
CC_043D98ED7F98,0.21534147478646584
CC_044C3537B769,0.143917384631156
CC_045932C46685,0.11998441901587542
CC_04629624AA8D,0.19028469689495134
CC_04690B4A6AF1,0.2338472504493594
CC_046CF40369FB,0.12499956802737257
CC_046D6EC816AB,0.4382922927207717
CC_0475CD95EDC9,0.10815241140631353
CC_04796F06B82B,0.1602168604002062
CC_04AC7C1CE736,0.4043322912697875
CC_04AEDD051B96,0.31254594858716395
CC_04B42AD0E01A,0.32113567400309
CC_04BBD1DB360C,0.3224061521460156
CC_04C767FFDA0F,0.4555508999770055
CC_04C7B819B9B9,0.1051726955867127
CC_04D127A775DE,0.10296620152847447
CC_04D9ED00053F,0.05838866450198171
CC_04E0EFC4F548,0.29947218191463587
CC_04E6848903E8,0.034359279496414596
CC_04F69D03ECE1,0.27495761387458745
CC_04FA1CFA1DEB,0.201362489592248
CC_04FA6842AC62,0.032427908889356094
CC_0502F3791166,0.28192593329699595
CC_050B514E15FD,0.15327301574374125
CC_051ADBD6D835,0.13234989404771577
CC_051B4644216C,0.06973116576129097
CC_051C0A644DD3,0.023873374907893388
CC_051CBF566856,0.044362994941261356
CC_051EEA9AE819,0.1423774366342969
CC_0520E27BE904,0.21892557904156354
CC_05224448D290,0.10674432361542086
CC_0525DE4744C0,0.03944854395980127
CC_052F5CD81EFE,0.16252339682523306
CC_05368FAD2E6D,0.09446690595047043
CC_053788B82006,0.09129417508608421
CC_05471A48C6F5,0.15365969251296716
CC_056DBA1A87BA,0.09206730408981034
CC_05901F3E7A0D,0.16877820020306655
CC_05906BC8ED3F,0.15046783172968423
CC_059D55E32C78,0.091502411722778
CC_05A12EF84A86,0.42313605681686
CC_05A42D035609,0.11589824492083996
CC_05AD75A5CE38,0.04701795816870242
CC_05BBD4B92613,0.48701697791577664
CC_05C8EF6500D7,0.7754597004768589
CC_05DDB7B07497,0.08458514476689771
CC_05ECAE6E0774,0.24529091830521718
CC_05F11F14DF9E,0.3237112443947223
CC_05FA9192590F,0.14660913582761143
CC_05FD764FB154,0.8038231410819056
CC_0608DBB4DF03,0.2387012025458973
CC_06198383F6D4,0.10625221192769031
CC_06199EBE2B05,0.18721846900465391
CC_062A8881A331,0.061183001584172066
CC_062F74350907,0.05769266511094786
CC_0635AD30F004,0.7909240457700486
CC_0639F539946C,0.29930596422997585
CC_063DDB42CF5C,0.06188030880262102
CC_06405C00E240,0.2788814706348635
CC_064920FC9DAC,0.0615105125838429
CC_0650AB329174,0.8285950614696445
CC_066941B109B9,0.1832428282051601
CC_066AA16F5874,0.31098456042462536
CC_06732311FB8B,0.1836546525268242
CC_06780061F889,0.1008213083145467
CC_068A81B06B74,0.3843396144280351
CC_06A1C5FE269B,0.31188219217193386
CC_06AA7138DAF8,0.03923548083930716
CC_06C0DD0D066E,0.7129385701544196
CC_06C97CFBD476,0.16095276566151345
CC_06D15F523C05,0.2247599320570661
CC_06D35787AD65,0.04270946865195841
CC_06DA375201A2,0.08177286409709711
CC_06DB455FF19B,0.6461392128929131
CC_06F3674E7313,0.46766733283237705
CC_070232DF9996,0.11545727720264522
CC_07141FA77DBF,0.12452175119207687
CC_0715F11CC8CA,0.2419404735274353
CC_07168A9C843C,0.20599346742293445
CC_072AB9F855DD,0.03835161465054839
CC_07337AF6AC2A,0.1199855690532707
CC_07434E4E5C28,0.08292488219888108
CC_074381358A2C,0.026098683365747128
CC_074E7CA75E8A,0.2682278591704702
CC_075D0C618BAB,0.260570638601302
CC_075D804F7851,0.09988455654684796
CC_0765961D818F,0.3637725804206074
CC_07698F10563E,0.052421507339911556
CC_0773B9BA9E18,0.31754039317125476
CC_0784ABDA7F8C,0.19737012607558876
CC_0790C9F9EC9C,0.08193535394959635
CC_07A996E6CA6C,0.3063719013621122
CC_07B588ED677A,0.18091280152924946
CC_07B730FD7F82,0.1309758212363558
CC_07BE6961D039,0.0708391489418599
CC_07D23A6BAF5C,0.1163326088233179
CC_07E08196A3DB,0.05564042537916136
CC_07E4850039B3,0.09607848311575812
CC_07FAAF8B2D23,0.0378031012598439
CC_07FB3FD9BE0B,0.11893273080833507
CC_080CB94A724F,0.34407946483083546
CC_0837C56711FE,0.09728508084433977
CC_084100A049EE,0.05862102956839318
CC_084113D0951B,0.23288400197101025
CC_0843DDCDD601,0.6625109733684776
CC_0846C14EAAFE,0.053643267879608846
CC_085091ADED2C,0.21867605720268757
CC_087943B4A5D2,0.15966611438415726
CC_08A97B98C405,0.1572660004293532
CC_08AA321BC4AD,0.1988221569744961
CC_08AA44ECBDD5,0.0712403261397853
CC_08AE2EE9D798,0.19542538391034878
CC_08B149462891,0.17652226439896165
CC_08C71A8D2D58,0.04406640497315616
CC_08D645F7B257,0.055051065569363365
CC_08D80BF0B273,0.044284027508666
CC_08F52B1BE431,0.28505994475750057
CC_0903571AC7E7,0.15098232532984404
CC_090D528C09D0,0.4512722115823753
CC_09106BA6CFC9,0.06643276099708316
CC_0915905A5D48,0.08613157064812398
CC_0918F67CDF01,0.1384425970703771
CC_0925D0B6276C,0.14057663402327603
CC_092A2830E36A,0.8027569508258287
CC_0951489C8F79,0.0353803676070313
CC_0951FA4D5513,0.10785498640599799
CC_095C712064EA,0.07610213015000593
CC_0969AA7BEC71,0.09313335501305563
CC_0974840BED49,0.7257093621855476
CC_097BD371F652,0.09556084848774703
CC_097C8139DBD1,0.04927404275946373
CC_0981CA4DBCE0,0.029483139171510714
CC_09A5D2F129A4,0.2478266839969152
CC_09A9BE38080D,0.08928267555437569
CC_09CDC42E000B,0.17237404706627188
CC_09D8DBAB2A42,0.09572544909830498
CC_09EBB1960580,0.045361916735643326
CC_09EBF206FEE6,0.25488284151894486
CC_09F2AE996181,0.08268708183879833
CC_09F45833F53F,0.13237524534267292
CC_09F4F5C5B4EA,0.7619757366105575
CC_0A04BF4005F8,0.19190214734924108
CC_0A0E563D1060,0.08723506524200232
CC_0A0F781A999D,0.24633025730605762
CC_0A1138C37BC0,0.16817448281621716
CC_0A334A16524B,0.05351972635539631
CC_0A359CD5D73A,0.06385835984586234
CC_0A3E2C273DB5,0.08735966007661632
CC_0A4705B1E08B,0.045747555973675545
CC_0A67EB7C5282,0.14097895521651535
CC_0A6CD64871E5,0.420233092061493
CC_0A75643FDC7B,0.05847163314071526
CC_0A8066F501AC,0.03740429893893495
CC_0A83017D027D,0.1668598052551091
CC_0A9AB7441D5B,0.35201259154198367
CC_0AAA72FA148E,0.34516325170298323
CC_0AAC488C8AE4,0.430614653605603
CC_0AC2DB82398C,0.2995801839709928
CC_0ACA2C49A497,0.10736798165506319
CC_0AD4BBEA75ED,0.04012308820486218
CC_0ADCD6553B8C,0.05989499330678233
CC_0ADE56B56C41,0.03835237113408316
CC_0AF4B5B4162F,0.719511195700648
CC_0AF9BD814AC7,0.1142917988725336
CC_0B083BE0FEA3,0.13508007339772396
CC_0B1384331163,0.05959389758589107
CC_0B216C6AF0F2,0.023417847353765963
CC_0B3465DB0684,0.5810196632008059
CC_0B442B91679E,0.15979829100035825
CC_0B455175F494,0.10364084856631202
CC_0B4C01B4002C,0.21772607796197843
CC_0B544A526D6C,0.06559619409248803
CC_0B5B19AFCD18,0.05204344665304619
CC_0B5BD2D224BF,0.05584720132025255
CC_0B6407C2C9BD,0.16205303444157343
CC_0B73F59991EE,0.08309228620545989
CC_0B7579216681,0.09437504662726603
CC_0B7F3B4B32C1,0.22068473485736084
CC_0B830A67900A,0.13134331687151432
CC_0B84250F96B8,0.23934912043953493
CC_0B92212B8E27,0.30262068707448253
CC_0BB43BC4B3BC,0.1170630484826563
CC_0BB992973640,0.058168160340919844
CC_0BBC41297846,0.08184998007281373
CC_0BDDB468A1E0,0.2883338082860155
CC_0C00A631C2B4,0.10115506367801484
CC_0C011AF6C857,0.31250724696398635
CC_0C0459AB67DE,0.13224519011674327
CC_0C18B07E451D,0.11130815241754495
CC_0C19EB845CA2,0.23211664899963494
CC_0C1A736F37CC,0.07721129903437923
CC_0C335C9D86F7,0.775533410275766
CC_0C4C24D066E9,0.1900583276068032
CC_0C5499989AF4,0.14573311690745785
CC_0C95548CC1BD,0.13540066313491525
CC_0CA2DE660B41,0.21497307570719779
CC_0CA6D8CFCF2B,0.25214521399901424
CC_0CA9DF9C5C15,0.06400553642242333
CC_0CA9F52C92A8,0.1567748486274262
CC_0CAFB6C41CE7,0.10992671141135295
CC_0CB27D5313F1,0.5553822932414906
CC_0CC9DDDB8B44,0.055945194482490135
CC_0CCA18595BA5,0.20674828409740578
CC_0CD90568D3E6,0.23503152547299433
CC_0CE0D56B0584,0.0754926021528032
CC_0CEA028BF961,0.2857387408832614
CC_0CF67D68AF16,0.38504903492498466
CC_0CFAA0FB0691,0.057303551149302544
CC_0CFFD2785D2D,0.07488552394720974
CC_0D28AF91CE97,0.1118816788617365
CC_0D34E55A580B,0.12428075257355548
CC_0D3663B6524E,0.7088700761119228
CC_0D3C2864ACD2,0.33223654676905984
CC_0D5F4BE8132C,0.15660893250653163
CC_0D6D5ACB0889,0.24141904850834542
CC_0D7BFE8CC0D5,0.14222919373560922
CC_0D8852AAB481,0.15811408796017887
CC_0D97EF394C79,0.46023135134299104
CC_0DA8FDDE6DD0,0.0615919783521641
CC_0DABB89E37CE,0.07865714100144601
CC_0DAF0F2FAA86,0.08692650857740275
CC_0DB9E5F8EDAD,0.09885398858909485
CC_0DBC64F88C05,0.1308577973612702
CC_0DBDF018E822,0.0943387436181018
CC_0DC31A5A1096,0.054741528622647
CC_0DC3870F23D0,0.045783130861809775
CC_0DD39F5D7C0D,0.05869738174455203
CC_0DDC2C18BBDE,0.06217221526773168
CC_0DE09CAA93E5,0.13182906332296154
CC_0DEA4477FDC1,0.11628851810962448
CC_0DED63EF6639,0.21206768184176386
CC_0DED7DBF26F6,0.24115886762451186
CC_0DF01CD21B9D,0.18559787981635126
CC_0DF6A478C01B,0.2440293307692314
CC_0DFE1A3FA5AE,0.14660586254085603
CC_0E07D5FB24B2,0.12534820612044956
CC_0E0CD9F23A5F,0.7711417658740012
CC_0E121FCB1D47,0.08599009334036563
CC_0E1423A4C263,0.18244936404158263
CC_0E16883EE8E6,0.3691206702259908
CC_0E1A2BA1C545,0.22473332002993687
CC_0E2B52BBA69B,0.06967739416149271
CC_0E40BAFC3530,0.15582151216055126
CC_0E48EE235179,0.07505704648870504
CC_0E4FA0FB9797,0.6405670695623353
CC_0E5162F59924,0.7523685887226989
CC_0E5E2FCAC8C2,0.2730969994495895
CC_0E68C2BE2A75,0.12325967999609137
CC_0E6C5A8D8CE4,0.11726336538678617
CC_0E6E9B0E674E,0.10484208640877574
CC_0E746EAD6CE9,0.08083992960277832
CC_0E968E7C22C1,0.30846677168136866
CC_0EA1483F50A9,0.178029031409454
CC_0EA81362C7D1,0.15696800320128637
CC_0EAE97520873,0.3318058937372132
CC_0EBCF4228FF2,0.5064761724855544
CC_0EBDEFD0BDC2,0.07607689088070678
CC_0EC6AEDA63EC,0.27560846668715094
CC_0ED61DD76795,0.11742288512236641
CC_0EE33B1B71D5,0.12787526963289628
CC_0EE7EFF13EBA,0.05156982849452479
CC_0F0F136B0991,0.13208795874806809
CC_0F0FAF218BCB,0.055856046317077614
CC_0F125B48F175,0.09780265987700616
CC_0F292A238627,0.138687428931739
CC_0F2949A1746E,0.08341899626760847
CC_0F2B71163121,0.07193390566616996
CC_0F393F1DE2EB,0.06277057666000763
CC_0F41B187053C,0.39190505869020176
CC_0F52EDC9D383,0.10635174969463845
CC_0F62C4F36236,0.12135912179173063
CC_0F6A29CE5D45,0.16766119281532854
CC_0F7C0515A6CF,0.16626414701541048
CC_0F8D6C89202F,0.16885947743182525
CC_0F933684CC08,0.18249629271028658
CC_0F9BA54F2AF6,0.03766996934470309
CC_0FA06CE7FAE8,0.038383266152569685
CC_0FD25AA655DA,0.15696106682197267
CC_0FF5570E06EC,0.6831059014970154
CC_10197FE0E34B,0.7080999769030686
CC_10355B5718CD,0.10129930465894547
CC_103A9D18EC12,0.17898748172467108
CC_1040DB6A21EA,0.12436856098568223
CC_104D2B84FC4F,0.03781557682798551
CC_104EA2802A11,0.08579222157834861
CC_105777B1BF91,0.055181724012275675
CC_1059F1B6C0C3,0.13261323043181678
CC_1061947FDD14,0.060317293995439634
CC_10689257E68C,0.3835705565487391
CC_106BFCFA7D7B,0.033608226765697656
CC_108FA04AC10D,0.08949861144784277
CC_1092915D0093,0.10909215945573207
CC_10A30F88E157,0.16447130923971096
CC_10A657027AC9,0.7261391308313764
CC_10A6EAF27BF3,0.03808647812819072
CC_10B148BED568,0.38181559992268316
CC_10BB7101F191,0.03400614553137797
CC_10BC5BC3A9AD,0.36743007350184104
CC_10F27C70AB99,0.13407645153734435
CC_10FADDF63CDC,0.18572395379902984
CC_1107D9301AA0,0.12163147649631274
CC_111A6DE5D9C7,0.7176465865345111
CC_111DC3B1756E,0.2880855082695279
CC_1131156CC6F6,0.17325079984024536
CC_113B66D5D5D9,0.13515458964748986
CC_1143254EFF36,0.046862965132555216
CC_1145E5277FA7,0.30944542762901134
CC_11521077BBB0,0.14698494244950872
CC_1154861ABCCB,0.5142106696726341
CC_115BCAEAE2A0,0.08601731070778718
CC_115BF13E8BFC,0.21213373785707923
CC_115EBE5044BD,0.35780657374009306
CC_1165AA07FC47,0.7017540573976566
CC_116EE8219753,0.05436814336280413
CC_1176FA3233B3,0.05896653153817199
CC_117C2A1587ED,0.08108319954879377
CC_118C0A1D14B2,0.25714106589758723
CC_118ECB589F3C,0.11825461678919391
CC_1190F13FB1FC,0.12412245966570136
CC_1192EEC65A1E,0.2199434666281377
CC_119B1FEC4D83,0.2658860632488072
CC_119C413C2580,0.11852014284693542
CC_11AB74142A2E,0.8119938722543744
CC_11C8A291FD11,0.1391498477574923
CC_11D1E9C39E41,0.06413859700923856
CC_11D600EE1BD6,0.1841889209018638
CC_11D7539AC69D,0.19413947609249319
CC_11D78BB50016,0.1641947946093046
CC_11E0C583685C,0.10340191737549882
CC_11E0D2F15AA1,0.037445108645524756
CC_11EDFE67C719,0.6712214751909654
CC_11EE85F284B8,0.21105096760513423
CC_11F700202C6D,0.16487330100660946
CC_11FB668DF543,0.12630667640364285
CC_1209FA26609D,0.03353865364153039
CC_120CA1B916D0,0.11368198100867893
CC_1210186F4D33,0.06344407876962864
CC_121F621374FC,0.22563724555122858
CC_122532C1FBCB,0.1201581686943441
CC_122B19CBC88C,0.6799856524839267
CC_123C7F0111C7,0.6006372461891971
CC_1241EE42F174,0.14567920321236907
CC_125B7100F1DD,0.15864366073429714
CC_1263B255B3B5,0.1423111890793117
CC_12878596E940,0.06355984504879188
CC_1298ED71A9E0,0.05182603541162643
CC_12B555C6F086,0.14709499038538118
CC_12D22C629874,0.16579175535537136
CC_12DD89EA0C14,0.18771833621060593
CC_12E24CDE2684,0.1996686050451448
CC_12F3B7309455,0.5649007790998516
CC_12F8E7A4BBE5,0.34516218890254335
CC_12FDEAE4873F,0.22882078762585642
CC_130F7B067939,0.35959687744587515
CC_13209EDC85EE,0.6675836827462298
CC_1332B6F0E543,0.20054426666575367
CC_1334E256AEBC,0.631251196360477
CC_1337726B2AE6,0.0925189944844524
CC_1338237BF402,0.1850777246664148
CC_1341DF38D9C1,0.17338038320564256
CC_1342F868176B,0.6301720321191379
CC_134651CCD2F8,0.1478444479514683
CC_1363E3090578,0.05672013125075038
CC_13736493B695,0.06635003769097737
CC_1392DE633D4C,0.2561908157609204
CC_139ED2E0AD76,0.09093199715076039
CC_13A5383EA098,0.6098203724497715
CC_13AA272C6861,0.06749178533249578
CC_13B74E4EE3EF,0.233437046692344
CC_13C437E86B81,0.47257779480259804
CC_13D61B077E7C,0.07269001030937737
CC_13D7115A8FCC,0.18939555484958745
CC_13DFE319B21E,0.7907085001797283
CC_13E0F0B3FAE6,0.22883125936261914
CC_13FD88C2920A,0.7166241871060638
CC_1401CB818627,0.25636382807212904
CC_140B86E74F74,0.7887385719438841
CC_1452A0B69085,0.0315568639896829
CC_1458CA7329A7,0.20491875926896505
CC_1459E7125AFB,0.10462569285680413
CC_14633EC7F622,0.3806907504930095
CC_147B1B30DE7F,0.09340301730182597
CC_1484511F54C5,0.3237492644220285
CC_1489A941A69B,0.2663682765231981
CC_14A8B16706E9,0.07135018488007559
CC_14BE52BADB77,0.09408109588329938
CC_14D53413FBCE,0.305963434411429
CC_14D59B58E51E,0.2360665047048367
CC_14D964327B1D,0.061330022814396756
CC_14F5D06CF093,0.1630925315434162
CC_1501D63D5A80,0.3483841118584121
CC_150E3A0E5084,0.18910619155162853
CC_15152312AC56,0.05757573680649514
CC_1522BA0411C3,0.0729774739849011
CC_1534B0241A1B,0.0455511782960876
CC_153BE2BEB74C,0.12723618527495553
CC_154BBCD4DCEA,0.2298364176640972
CC_1552EC27FC0C,0.6854056052059015
CC_1566BFF4BCDC,0.3581603625084617
CC_1579BD86A63D,0.29814026510138364
CC_1583CFD90530,0.28403186893057236
CC_1584385F38C8,0.0619758991291653
CC_159656F13BE8,0.11322493972688158
CC_159B6F6AAF1E,0.08806447616901193
CC_15A4934FD96E,0.10135453493815949
CC_15B2140CE869,0.08463640782024491
CC_15C0972DE384,0.6114507800489789
CC_15C0E30FF2DC,0.13134344587328314
CC_15D617FAB434,0.052967102642576876
CC_15DA0F4FFF0E,0.31625984349593567
CC_15DAE76D15DF,0.05002141884292227
CC_15DC7C139EBC,0.3905968060857043
CC_15EB741857ED,0.06577698547788056
CC_15EC51F4C521,0.305982293512149
CC_15F6259C7C53,0.06093699709114834
CC_15F7C012E10D,0.4819198051280231
CC_15F7C1BEC28F,0.2123191099539992
CC_15FF58854AEA,0.2324099512373192
CC_16035CDDC2F6,0.11707675678799011
CC_16095572722B,0.05270805065185643
CC_16109F1CE0A6,0.23323132730384713
CC_16150E74E4DA,0.15266572833724276
CC_1629E47AFBA5,0.08241279529016793
CC_162F4582D06D,0.6787760018422553
CC_163194DFEDDA,0.046364915815047314
CC_1640F01B7730,0.10975555700014444
CC_16460554039F,0.029489917897651402
CC_164D308CDE41,0.2716492521214218
CC_1661041F819B,0.7630378283779414
CC_166829780A76,0.13083547619776295
CC_16798666E855,0.09433518830115224
CC_1684B5493414,0.2056909846956737
CC_168A8907C8F4,0.06592214124888272
CC_1690EC56D088,0.0560035969102266
CC_169853EEAB4A,0.08809020915531708
CC_169B7FD839BA,0.15760503089547825
CC_16AED1A3008A,0.17144221517463967
CC_16BAC7837C73,0.13808285990098587
CC_16D57E1EEA01,0.1529863939149735
CC_16D833E56D7A,0.189646873809722
CC_1702487A047B,0.1863102359478207
CC_17029F78E70E,0.04671065024013846
CC_1702F3E986AE,0.06364848108425218
CC_1707181BB559,0.03251378883580503
CC_17117BF03935,0.2983696945589269
CC_1723E40C3D40,0.18397680243974715
CC_174FBBE9ADD9,0.18757378599806354
CC_176E6E58FD1E,0.10351193368645073
CC_1783F37259BE,0.0665128924054689
CC_178B135605CA,0.08982178557992387
CC_179AA5165026,0.3048387626078337
CC_179DBA1C4CDB,0.3015124034662297
CC_17A1090B69C9,0.08135191328877293
CC_17AA1A4C904D,0.18929531272357544
CC_17B06C06FDC1,0.17842650649541922
CC_17B89AC1FD03,0.22081385468632742
CC_17DC33AA73F3,0.08097543650585833
CC_17DE4D267831,0.12201657029953651
CC_17E929BE0344,0.33330299632377
CC_17EB83DECE5E,0.4995707728302343
CC_17EC9982E5A6,0.1560952282524738
CC_17ED5555B4FD,0.23897619304109954
CC_17F4292DAF8D,0.08556235524632487
CC_1807B0980C86,0.07909892506076459
CC_181354A58B53,0.0860751082021101
CC_181E7266E018,0.13964841040353695
CC_182AAE7CC3CA,0.5584450108500104
CC_183EDEDC5DA7,0.0915508521946889
CC_184C47552665,0.26802162851216005
CC_185A7392A475,0.3149522107166182
CC_185FEFD3233A,0.4063402998052434
CC_18676FE5FC07,0.07729636505050719
CC_18776C4FDE28,0.07541766887799016
CC_187A8AECEFBC,0.19792658212962524
CC_187E7D0B4E82,0.6983724648008888
CC_18839D393105,0.1493286432226397
CC_1888476F6CF3,0.09657727992901179
CC_188B1ED2AAA5,0.3261296246004986
CC_18A4257C3172,0.2832260002103411
CC_18A7929D9FC9,0.25287026053653966
CC_18A8695F185E,0.11069033710630316
CC_18ACE64E8F74,0.23320122051678105
CC_18BF4A29BB38,0.14979082965882562
CC_18DE36F7D294,0.16159084824838563
CC_190EB07AC1FC,0.13323512003782656
CC_19219F2C60B7,0.16716503698032306
CC_192262DB0B0F,0.08813732312828326
CC_1929746E06CD,0.650633756195357
CC_193356E72D61,0.6863963176329889
CC_193938E8EA40,0.1806793991402793
CC_193C60092202,0.5463817553979171
CC_193F669537D1,0.21344131598694227
CC_194E13150BE5,0.05989658704551632
CC_19556DDCCDB3,0.033610516763645945
CC_195A6E9B48A2,0.12437492547553024
CC_196DEC616B33,0.11144536587156628
CC_1978B23D64A8,0.1067813809307334
CC_198562A4BD86,0.15213747313089243
CC_19864C9572BC,0.14817058389537688
CC_19868B6887C9,0.13270296991812447
CC_19969E05AB2B,0.17902315044114323
CC_199FC89885C7,0.13559841716382517
CC_19A40411B404,0.23812551147211738
CC_19A6D9B60B29,0.6389542449756731
CC_19AAB010550E,0.05585995285352671
CC_19B4743DFEEC,0.0690200198013454
CC_19B95A61D757,0.1707432798222148
CC_19E6A00F6A5B,0.07895437114043967
CC_19E8DEC29F47,0.5952446235641923
CC_19EA54976042,0.1573305273377121
CC_19FBBEA75B7F,0.14714504138420956
CC_1A039E58840A,0.06565811792488606
CC_1A075331756B,0.16114202260409016
CC_1A1E1302C432,0.20184196442884794
CC_1A37690EAEDB,0.1414433169785866
CC_1A3BF9F5BD42,0.13215712002838984
CC_1A4268FEB02E,0.1809708847516023
CC_1A5F8618A912,0.3320449513567851
CC_1A659D4D521E,0.38718422808093705
CC_1A879655902A,0.07256049276250913
CC_1A9F6DA46BC2,0.1263097814090185
CC_1AAB15E81743,0.03112105930240186
CC_1AAC389EF8A2,0.3072012987352673
CC_1AAD0CE365D9,0.12189129774110945
CC_1AAD9152C90B,0.04399539911089354
CC_1AB15BDA9296,0.05892745612751593
CC_1AB8BDA3041B,0.13859650564164203
CC_1ABB9CB074E2,0.8006441169500529
CC_1AC1B1A3978D,0.058869423054867365
CC_1AD20D1F9C08,0.7202182777063827
CC_1AD881A90D1A,0.2965641579617022
CC_1AE9811724DD,0.7355007810878561
CC_1AF1AAAB9D12,0.763802694240896
CC_1AFCC4D0ABD4,0.19742238105221888
CC_1B08ADAFD1C4,0.19933419187218904
CC_1B10139C7917,0.14448344080595554
CC_1B127133B948,0.1441187473331018
CC_1B25964EA376,0.1505530795020961
CC_1B27A85C7244,0.20725608561633022
CC_1B29F4378A34,0.11557950275919278
CC_1B2EC0BD0677,0.2824210633886503
CC_1B4AAF37FB97,0.07990432839124649
CC_1B5E792F6E6C,0.2341673394790856
CC_1B7166DAA790,0.1432706863513661
CC_1B89FD901C95,0.09561356223753666
CC_1B91E3A70338,0.0633417557275718
CC_1B9D9B7184F7,0.1555100145764353
CC_1BA3FDD92B1B,0.05680835155540043
CC_1BA9B3D67170,0.13973119730294237
CC_1BAF97E2BCF2,0.087528577988632
CC_1BB7D8A54021,0.10964693148848186
CC_1BD548A5FEF3,0.1278591545221672
CC_1BDF1893ECEB,0.23606985561556595
CC_1BF117A8AF9A,0.07781917195070527
CC_1BFA7E407428,0.7112406286341729
CC_1C0066F472E4,0.6954167379448418
CC_1C09CC2385AF,0.07169610476929013
CC_1C11467AB472,0.6650637473053943
CC_1C1627B7EE6E,0.039612730377330846
CC_1C3259B85E28,0.15383246648638557
CC_1C334ED885FA,0.03143418839782724
CC_1C376760FE39,0.0970893353693456
CC_1C39A1ADF3F2,0.18255278080474693
CC_1C450FC77478,0.12582162509477646
CC_1C48409023DF,0.4106496689552635
CC_1C4D03324C60,0.2944669331434659
CC_1C5F1E1028DB,0.04433514752557933
CC_1C6681C0AA7A,0.7858114711843237
CC_1C84CFE19CDC,0.21956664756253766
CC_1C8B3F689C6D,0.26099939905397695
CC_1C95674B902D,0.04337979195606815
CC_1C9A4C11F28F,0.21820543465884482
CC_1CA3F50BABEA,0.0732582198500832
CC_1CBF42D35AED,0.6191298099476895
CC_1CC11BEADBD5,0.16344226787117985
CC_1CC3CE396A8A,0.2072105989157174
CC_1CD2B13C2E6B,0.08494082678798583
CC_1CE0B37CA670,0.12320034735795617
CC_1CF5A99FC068,0.15900977871817618
CC_1CF71AEB6671,0.10290972022487388
CC_1CFE066F5EE4,0.18193799001549316
CC_1D00B360809D,0.07648508088079399
CC_1D1173F82F2F,0.12137770592948387
CC_1D1E06E0B393,0.13649080957231752
CC_1D2789866B1B,0.07679590884002041
CC_1D2DD7DF781A,0.2767751774528196
CC_1D313498A2DF,0.1938193855971587
CC_1D68396533F9,0.2903952989595014
CC_1D7235BA1EAF,0.19808295306367155
CC_1D7ABAF9D080,0.040465011679255994
CC_1D7FA51D0D7D,0.4217049860212599
CC_1D8CFB3589AE,0.05229124961470407
CC_1D9421A6EB19,0.31045103455455697
CC_1DA0AC68719F,0.3082105304972725
CC_1DA366D588B6,0.09565471909191138
CC_1DACBFE0296C,0.09567070112429292
CC_1DBD6A716910,0.5947473533509529
CC_1DCB75B5CBDE,0.3141391328395911
CC_1DCDADBC0E90,0.38904321659161917
CC_1DD11FAF43E8,0.16831713369014867
CC_1DD8064E71C7,0.2021400389603222
CC_1DEC926EE25C,0.1142552408779668
CC_1DECBAE4FC5B,0.0484682194217621
CC_1DFF80E6D4DF,0.07022891519143741
CC_1E025C3597E7,0.2677448046729763
CC_1E082052CCBA,0.6570915407347829
CC_1E0E30441DD1,0.18198468321867237
CC_1E20E200611C,0.12761074376546686
CC_1E354C75EB9B,0.025399810001790618
CC_1E3B2C15EBCD,0.16621317370736
CC_1E4DF11FAF55,0.16563689276410648
CC_1E4FE60DFD8D,0.7038405853844344
CC_1E5A648D299F,0.23367759066687377
CC_1E6C0A8B3841,0.6817355084142959
CC_1E7FA6E807A3,0.2501352052830665
CC_1E93F760EC93,0.24446457994146853
CC_1E99F40FA03E,0.07760737678170983
CC_1EAD09DBC23F,0.21709790284936034
CC_1EB3D53252DB,0.23378599570378436
CC_1EC889E04D69,0.11972669511311018
CC_1ECCBF6853F6,0.5221055249562514
CC_1EEC4520436C,0.1704309713426214
CC_1F2827DC99C0,0.13694243471720505
CC_1F2C184C5227,0.07386837273655393
CC_1F3FA8091B02,0.15744945048545836
CC_1F4E07BFDC8C,0.04544948601567377
CC_1F4E0E9B54BF,0.06495295654434881
CC_1F55738A6A27,0.41194799318137904
CC_1F65276D0EF8,0.1207869320846744
CC_1F65C797BD40,0.048939204448852726
CC_1F668C0AE868,0.0820616032377165
CC_1F6B19A04BD8,0.051675897891372426
CC_1F945A60367E,0.4320305958892214
CC_1FAB6F11DFCA,0.6873123482095496
CC_1FACCCE95224,0.2773131313991117
CC_1FD010E5EA82,0.0672648115301146
CC_1FD2B7BCCD20,0.7011939988072665
CC_1FDAEC3D5CBB,0.09243865630103763
CC_1FDC65FE3DBE,0.13459981643438798
CC_1FE696D8A81B,0.07470753772112419
CC_20027685F59C,0.7641003119151506
CC_2009F3D77774,0.1295852105257675
CC_200C552C40F3,0.14540251732676823
CC_201459527065,0.11311844069541525
CC_20275029A688,0.05249878697049177
CC_2028DA597C34,0.2520559166482363
CC_204E557E5046,0.2842679198512453
CC_20542CFCFB39,0.04108692846238933
CC_2060F813C9B2,0.26163473055828573
CC_20813A9A7F71,0.11447650501222613
CC_208429A11E2F,0.1537812982454346
CC_208B0FE7CBAD,0.10790949033784682
CC_209A511030A7,0.03106903832773462
CC_209DD60421B5,0.07250941372690041
CC_20B26D646D62,0.18930464611928935
CC_20C47966B174,0.28993732255435306
CC_20CFE9681E4D,0.08156051674113028
CC_20D4DB0F3E3D,0.04111231978208204
CC_20DD84CE3CA0,0.1168580478158467
CC_20E57CA675DA,0.6326755276178772
CC_20F129FFBE00,0.21843825068469672
CC_20F4E0F62D2C,0.0638533081589767
CC_20FEE0B2130D,0.5173263528314334
CC_2111B298C212,0.07884217356919831
CC_211315AD7633,0.2824095317622694
CC_211504721E27,0.15094795302805045
CC_2119919BCB4F,0.764909427821097
CC_21375C9ED931,0.24161189692282112
CC_213D2A5355FB,0.229841618895404
CC_214B50E48E94,0.14008092234106215
CC_215F86D986BA,0.13292742971716023
CC_21600308F496,0.03723410799682087
CC_2166F3F6344B,0.11417889205200066
CC_2168BBB42053,0.1235350127771248
CC_217030CE0127,0.04166732716870836
CC_2179067B405D,0.044715486028146074
CC_219B59B67193,0.17342769406797778
CC_21A9E8DB58FE,0.18785665058054565
CC_21AE679C5E95,0.25008963672932366
CC_21B98D13174C,0.10135750385591889
CC_21C81BC15002,0.12299617519986265
CC_21C9B26CFEA3,0.06584116769091039
CC_21D22081A4CA,0.7449981438785129
CC_21D29CD736D3,0.30413732721441433
CC_21D3CEAF838E,0.19633977326665975
CC_21EF792A3811,0.6273726933134876
CC_21F04E996723,0.4026991243970018
CC_21FB6C8AB8BF,0.3708015716635522
CC_22067686F6C4,0.7074594646726681
CC_2207A39B7BB8,0.1132773897075016
CC_221053121AAB,0.2500376332890227
CC_222423774191,0.05921431744441718
CC_2230EFBC99AE,0.3398029753158038
CC_223BDED2A465,0.29277300765805914
CC_223E3CA7A07F,0.17666431510542646
CC_2250B42E48B2,0.10908829015114703
CC_225935E43583,0.1279152301996531
CC_22781E93CF84,0.17287850835923413
CC_22784AF3CB6B,0.4307025058762565
CC_22831690395E,0.18689911149930435
CC_228E6CBCC935,0.6261374955712192
CC_229338EBBA6C,0.09337344948519116
CC_229A63057E54,0.46363684344455663
CC_22A2D8A4B437,0.08861322488429592
CC_22ADE1EE9BC7,0.13743423619761483
CC_22B69E7C415A,0.038674153469133575
CC_22C590B43FEF,0.3204333711757385
CC_22F06379D8FD,0.03308799553269282
CC_22F282264A1D,0.11170988843934915
CC_22FBF5F0E1C0,0.19871772351150155
CC_2302088175A3,0.24719219284040805
CC_230672EAA654,0.03538242571309076
CC_230870B121F6,0.16591133048678722
CC_230A051B2B3E,0.05302976828609502
CC_2316F57AFB7A,0.08368888954754332
CC_231D091FCD1D,0.06135104877802399
CC_231FDED1781F,0.21350388196861222
CC_2320053D1183,0.06596980073610827
CC_2320AF507566,0.20903695026485078
CC_23321FF41C3D,0.23332199439115722
CC_233470D6BE72,0.6865715582434606
CC_233C8EBC95FC,0.3992327175065377
CC_235F99F13500,0.14227907341811108
CC_235FC02CA52F,0.22264759732862274
CC_236C80CAF53D,0.18185505227453636
CC_236E7222D97C,0.0736578279290241
CC_237B86FDC93C,0.06915441257287831
CC_237E7EB2D7D8,0.09619812959207574
CC_23830081EE1A,0.6610046317118227
CC_23894AAA08DB,0.49513308324335376
CC_238CBFD6E20C,0.3357318775627786
CC_2392A4A79C9E,0.03478038278491503
CC_23A474D43C73,0.1931859841706386
CC_23A9CC59BA0D,0.026324158290833483
CC_23B158D8306A,0.126866069565478
CC_23D147F1870B,0.1823664933033574
CC_23D2E73DCFCF,0.13117810894928567
CC_23D9103D1EAB,0.031086621203642518
CC_23E142182F2F,0.6512790060154027
CC_23E43713A108,0.03682339846607872
CC_23EF2911610E,0.4396299308281914
CC_24056B76BD7D,0.04183781955667571
CC_2416ECE66177,0.10002379863500706
CC_241E65816FC2,0.05572033137542085
CC_241F7E97FBDD,0.07345057317625737
CC_24217201D7A1,0.356184099090428
CC_242301FCCE50,0.055328067371755406
CC_242C69CF0B12,0.1280708370805595
CC_243B23702DC1,0.1509829304718823
CC_2456B9C796E4,0.11377486801930224
CC_2457D89CB88B,0.6209976760047965
CC_24667210E2AF,0.23369240732980257
CC_2468D206CAEA,0.05972561329662892
CC_2469630A4F86,0.3014287480476306
CC_2469D83D9594,0.0334653669516955
CC_248C65EF54A5,0.6708033473421978
CC_24BCCA7941E8,0.07668171097512083
CC_24BDC1CE2A3A,0.23033323953751475
CC_24BFCCDF957C,0.04107304556578922
CC_24CC8A1B1CB7,0.13275000004346285
CC_24D4B1852554,0.20834819820432895
CC_24E65FA5A32E,0.1509145896397119
CC_24EF3EDB6857,0.04157332074422264
CC_24F15A19D648,0.18179487534186092
CC_24F2410B5A19,0.12898910756545637
CC_24F27E7DE1C6,0.5057837793461525
CC_24FFFD0C983B,0.03731002261944942
CC_2504E9D5D5E4,0.18467590449966154
CC_250F6A0DB62D,0.046940252598887004
CC_2520E13DF0A2,0.7521002548211482
CC_2539C315029D,0.27328683696315803
CC_25519ED78507,0.19803128387222277
CC_255D49296DB6,0.11580646568451773
CC_255DC60FF5BD,0.04158182864888673
CC_2563C9EF9D55,0.060208194576427204
CC_25756EB9651F,0.15295404656068332
CC_257CC46D379B,0.4402755201881452
CC_258D5F80A933,0.6573722842102674
CC_259D87270257,0.23678739051161168
CC_25A41AB21C94,0.27935619235648806
CC_25ABCDCC8B71,0.08766370840834252
CC_25AF0D0569B5,0.10974900930030711
CC_25B61D393144,0.16372620232853238
CC_25B95D7288CB,0.3739981010664766
CC_25CE2F2F13BE,0.24572450365650841
CC_25D1A5971976,0.36495964222339844
CC_25D411B46F00,0.7424588965794109
CC_25E7A2DC5E41,0.06033993168918118
CC_25F4C8E51AC2,0.46429211527383485
CC_260323EFB122,0.6177737474222241
CC_260F10484312,0.045065164577552656
CC_2610D0F1D0A7,0.17650733288863074
CC_2615866F35A2,0.08052219321195551
CC_261DA4E8DBEB,0.12774706499312227
CC_2628F00B0745,0.34934758200365507
CC_26338E9AD15F,0.1573534622825928
CC_26346B99BDBE,0.6553365417864999
CC_26351DBC1AF6,0.15158282716186963
CC_2637397AA3F3,0.5966565215804995
CC_26675C32611C,0.7149407919591281
CC_266E49E49071,0.1693688553907121
CC_2696368A4DC6,0.03054835579845051
CC_2698641B68A5,0.12785604697604172
CC_269C5AE6A1A3,0.7032482419091511
CC_26A06AD1206C,0.7233293294423312
CC_26A358B0C10F,0.17464331960167992
CC_26B07CB02EA3,0.6384404434884984
CC_26B638BEA8CE,0.11761868440704214
CC_26C33B649FC9,0.057946952454381306
CC_26D5B969A36F,0.33684848679318286
CC_26E3A1226C2D,0.14186786535454798
CC_26EEA3F0224A,0.2788280959448581
CC_26FA5E5A718C,0.16132605001973416
CC_26FE119D4919,0.06004074510553564
CC_270B462BAEF3,0.03823890477933612
CC_270D929FEA9F,0.0750244145876495
CC_2731AD82BA11,0.15520062722758207
CC_274144AE3E86,0.16787043549020597
CC_274AE6E82879,0.24687163102105292
CC_2757A490C5E1,0.09009960277769759
CC_2766F6011BD0,0.4082240987708787
CC_2768E644C697,0.05834345523128436
CC_2770DF70328D,0.05363803439329833
CC_277503968C44,0.5209246827166396
CC_277CE974AA8F,0.29557107682803385
CC_277D246E39B9,0.238337043426057
CC_27A1CC725B7A,0.06491632458259443
CC_27A798829CA8,0.7118901871002307
CC_27C938FC8DC6,0.5113785109330174
CC_27CA2D819E7A,0.07993327045614945
CC_27E3712F0E38,0.17172059246647065
CC_27F3B3F43FF9,0.040601289769443175
CC_27F9832EAB8A,0.45413638555777797
CC_2809CC131F3A,0.6710674605258955
CC_2812523510C0,0.15435359100664434
CC_28151C75756D,0.041738083807841254
CC_28203CC976F9,0.11335633712042696
CC_282AFAE06F96,0.09026062929696525
CC_282C2404F4C0,0.0731313326464545
CC_2834BA2F19FC,0.20126395753466675
CC_28432E22F47D,0.546755210108761
CC_2844882CC439,0.0478685521080116
CC_284F79726032,0.42197603857883365
CC_28544783AB15,0.4653001409558912
CC_2856104729EA,0.7085954275356929
CC_28625CD86761,0.17139311788151335
CC_2866BDB46FB1,0.1212275307381621
CC_2872415C6B36,0.08194643892962154
CC_28752737647D,0.6053777364017008
CC_2875C281EE88,0.04547050351804422
CC_287E3E9EDAC9,0.08255537154423459
CC_288A2C49D62A,0.05115061637661108
CC_288FA8CD819C,0.2153673520765692
CC_2891894CCED4,0.049539267222228005
CC_2895608A9699,0.11811152552341597
CC_28A2EF7926AE,0.5697748580615167
CC_28A7DBD2B710,0.17944852829433308
CC_28AD81DF2C51,0.1405572931936149
CC_28AEC29CEC25,0.15492967580200326
CC_28C1C3DF7928,0.08221172267943132
CC_28CA76962EC8,0.1735880722980878
CC_28CD47803B6A,0.07016267433557569
CC_28DF569DBBE5,0.08141243436031169
CC_28DFE611C657,0.08762780027197971
CC_28E11E6A6C8D,0.15411992762424775
CC_28F58ADC7CBC,0.15147626638711978
CC_2916479EBC84,0.14864932310044077
CC_2917C6CB0B2C,0.1358285112630144
CC_291C7830D4B5,0.3502395579136255
CC_291FE1744E5F,0.09199249514711243
CC_293124F1ACD1,0.13170472483610499
CC_293C2D704AA9,0.3598744340601301
CC_29432A6B2555,0.13717752856949558
CC_2944B427406C,0.1932274676937007
CC_29468B7035D6,0.11352396157265943
CC_294A9A24E473,0.05118034663130431
CC_294B94EB0E07,0.17898849366816783
CC_2967C29E4C3A,0.13163025362730255
CC_29716D5835F4,0.20120401872513602
CC_297179FF2BCC,0.3729077915684848
CC_29803690C939,0.27174969979627056
CC_29821539DC4D,0.1284459281175756
CC_2983C1D2A273,0.1771614336534554
CC_298CAC5A1868,0.6105546933869329
CC_299EBE0FB429,0.17813868117057008
CC_29A1C0073882,0.4174461735359996
CC_29B6065F187B,0.4045878957645203
CC_29BC66C10F87,0.6786836309889285
CC_29BF3C3D9682,0.20723719627205725
CC_29C4425FB2DA,0.18210237068343005
CC_29C5D0D72D61,0.1725522230104265
CC_29D65E313500,0.10324136529887097
CC_29FD856F47A5,0.7095398389533685
CC_2A097F88615A,0.1045299603618625
CC_2A0CB4CE1A48,0.22155077991050495
CC_2A14C1652D6D,0.22700003759930973
CC_2A1F96F80938,0.095562464154064
CC_2A23F71805A2,0.11262673796840156
CC_2A2BF2FD0498,0.13423765539412072
CC_2A358A1D3DDF,0.6467727174109018
CC_2A3E371F0DAD,0.22842769121774564
CC_2A423FC8A330,0.3013673731569729
CC_2A43368D54F9,0.5018570119999515
CC_2A47A21C0E07,0.6335124415079288
CC_2A4CB02E7A1E,0.11470421026908761
CC_2A510080BA29,0.16150465364342448
CC_2A5316E550F0,0.09480902861437908
CC_2A59695EF90A,0.5715050359948984
CC_2A606D00CC46,0.044867405278831866
CC_2A6C69145AE0,0.08231625712858803
CC_2A6CD71471A6,0.10908341202226103
CC_2A70D6EF64E1,0.07461119398468444
CC_2A844754AE67,0.639628227836627
CC_2A85A7B242FD,0.1986735482233334
CC_2A9A51067D7F,0.15063769662942855
CC_2AAAD4020436,0.220086468643419
CC_2AB62BCF3704,0.0675358318211959
CC_2AC1C8DE5649,0.0894801257207884
CC_2AD10D78793D,0.6739160594683248
CC_2AD26446A7AE,0.03779752788384303
CC_2AD2D35975D1,0.08994215294330672
CC_2ADA07B0211F,0.30335208132970776
CC_2AED2D284351,0.31594649477024944
CC_2B01FDE2552D,0.23502486950507795
CC_2B06DDFD7F8A,0.08238562214232029
CC_2B08FBC0A948,0.16411741073672428
CC_2B1914218468,0.7324582808114565
CC_2B1D93E12DC9,0.2736230275853189
CC_2B248C488918,0.0979423638478105
CC_2B256891C60A,0.5685508576129458
CC_2B2801591A25,0.44661498384756954
CC_2B2B7CF1E40F,0.11747647757355245
CC_2B2F4204834B,0.17527645182956006
CC_2B5443C7AB87,0.08315592765610284
CC_2B5D780AC244,0.5837025080430823
CC_2B64E67CFF13,0.07369743219492476
CC_2B6B872C8D21,0.0702137021847741
CC_2B85D931F011,0.1233235238446136
CC_2B959EF030DD,0.16396611209145145
CC_2B973D1AC16E,0.09513507332469041
CC_2B98983C2687,0.04665105250570639
CC_2BA581E7B8D2,0.10388149835370449
CC_2BB2C432C369,0.11073634499891911
CC_2BBE19587CD5,0.09125179252192006
CC_2BCB838A9581,0.17088507725525504
CC_2BD0E9336EB4,0.06993122773773111
CC_2BD1633FD528,0.07066833220668245
CC_2BD58FC8C2B9,0.036540320713973555
CC_2BD6083CAB0B,0.7845856699617778
CC_2BDD47B177E5,0.8077560284109806
CC_2BDE889EB05C,0.2737438898431308
CC_2BF8DB192A49,0.6559234852193293
CC_2BFDF46F3AC2,0.11213661533775694
CC_2C00CF2FAE22,0.13771069359989394
CC_2C06DDBA1073,0.35641242194400014
CC_2C16C7838FAB,0.8107792705658147
CC_2C263A1A732C,0.1511290537946343
CC_2C34105831A6,0.16077847635056888
CC_2C43FFA06F31,0.09144075416615494
CC_2C4DEE4CA1CF,0.059752436186647474
CC_2C56DB55E40E,0.10172661479860261
CC_2C59F565C183,0.18365974646120276
CC_2C7F54E56925,0.16793770529455498
CC_2C8CFCC646BE,0.036303501377230936
CC_2C91AB1DB754,0.04839384786057496
CC_2C93356976AE,0.4435536631930217
CC_2C9DADC294C8,0.06404150864979795
CC_2CA94231028A,0.22589568652336126
CC_2CC8CB17283A,0.1858644932094304
CC_2CCD42AA2376,0.1335648511892706
CC_2CCFE560A79E,0.057667838490257084
CC_2CED227E5216,0.10932705386389463
CC_2CF326E90715,0.037990607401893556
CC_2CFEA03CC6A0,0.6717430726823531
CC_2D1D032137DA,0.11535395958330626
CC_2D258781011B,0.21009684809281934
CC_2D30260A1CEC,0.21850294002058893
CC_2D35C002A9F1,0.15780150826758804
CC_2D45DEA4EB25,0.18001352986567035
CC_2D5494C13FFA,0.07533135202071492
CC_2D5EA2953E81,0.20427104780808036
CC_2D6E7894EA16,0.6580441727945588
CC_2D7DA36360AD,0.1904990966004916
CC_2D7DFEACA38C,0.3033098291236505
CC_2D836654A121,0.13835716634884918
CC_2D9CDFC6C57E,0.6893655801951217
CC_2DAC67585B03,0.17862971621912715
CC_2DAE338809DE,0.243031510150334
CC_2DB062A18C75,0.5508073227804253
CC_2DB2C55CF89E,0.784498464519344
CC_2DBCBF870292,0.03753311731875779
CC_2DCBC03B4FA3,0.7208241353311918
CC_2DD78131B5A1,0.1332094392466538
CC_2DD7BCA75AB9,0.12651446920641293
CC_2DEB49017220,0.14163460898300195
CC_2DF6C71ED372,0.19539268282324643
CC_2DFBFA1A4FE8,0.17971112099710082
CC_2E12A41F7733,0.07007425472445393
CC_2E1A348EB1E6,0.0931613867504066
CC_2E23CB0F6F7B,0.37846009646370254
CC_2E3634587158,0.05079527136357421
CC_2E3F4B14D8DF,0.373467883983297
CC_2E3FDDBF4F48,0.19122892723300985
CC_2E61C46BC16A,0.18822702029967175
CC_2E62AEB14351,0.25818336087549143
CC_2E6F1C0ADEB8,0.1591277309604771
CC_2E7415FAB62E,0.07533269643287124
CC_2E77F7444FDF,0.031238734434149328
CC_2E78431BE3DB,0.06992637026874708
CC_2E7D44FB8075,0.19956448294624218
CC_2E7D8539BDA6,0.377103017852428
CC_2E7F248874AA,0.70725432185468
CC_2E85BB8F3BB5,0.08381234960452977
CC_2E8897E4D9BB,0.2920219223652652
CC_2E8CCDE89E2D,0.27965635923360777
CC_2E927D910813,0.15371649800662257
CC_2E9891F5A2D5,0.12459259436501224
CC_2EA56A7EAC04,0.28690526283440093
CC_2EB45D13B248,0.13801528988279646
CC_2EC924B0EAAE,0.12989242648460617
CC_2ECC248C96B7,0.04264776601484135
CC_2ECF0C98B06D,0.42788020606025734
CC_2ED3F6481454,0.15505445419152677
CC_2EDDF0B40ED8,0.1547151779965936
CC_2EE2A139642B,0.17048249855042272
CC_2EEE072DA301,0.18478997538527578
CC_2EFEBB85DAEB,0.21767505864786166
CC_2F133BEFAA69,0.1932599398812063
CC_2F1AAE3B81F2,0.06491172759169174
CC_2F1BC47CC90E,0.0381846138616375
CC_2F2128FBBDDC,0.15040338609253054
CC_2F3D3342834E,0.0617871337724935
CC_2F42D39F710B,0.5992114777896591
CC_2F4AFE398419,0.7565716612079045
CC_2F4C24B38EE6,0.08021835792634656
CC_2F508C0838A6,0.10695991784779292
CC_2F50EC193942,0.20903100770874994
CC_2F5BD03D4900,0.06787906743176628
CC_2F73AF6728BC,0.052473999142726935
CC_2F7EBEAB9CF2,0.20685683547116673
CC_2F9AD2BC25F5,0.06417882008428834
CC_2FA3172ED3FE,0.7231603435250129
CC_2FBEF8808F48,0.18324457131668978
CC_2FC014F0EA3C,0.0757546829241095
CC_2FC3AD2EC986,0.24277665274446422
CC_2FCC82AC097C,0.22075924743363926
CC_2FE2ED7D464E,0.25209161500656085
CC_2FFCC9802D2A,0.16301082445208115
CC_2FFE32627DF8,0.17788794379929887
CC_300BEA90EF3F,0.11423315607993319
CC_3017B64D0364,0.20104095653131182
CC_3017E5E87C94,0.17278575175015218
CC_3028375CC87E,0.7679713051503972
CC_302A48CFCEDA,0.07236008393618684
CC_3031F96196BD,0.4282515141847707
CC_30328ADA0AE8,0.12868775291266868
CC_30451015D913,0.028558752705854996
CC_305D33AC15A9,0.7127882256602508
CC_306015CFB66A,0.18373204278571742
CC_306413849CEA,0.421604785790126
CC_306EF0BC7CB3,0.029733901579184957
CC_3075C5B861A8,0.15610771484603336
CC_3083D9B76858,0.05426534229734518
CC_3096994A495B,0.20744958072172956
CC_30B106BC1657,0.19136678372506866
CC_30B967417C42,0.2032241854259531
CC_30CABAFF5453,0.1033710400367862
CC_30D68208FB23,0.35742975957547035
CC_30E2A90BACAD,0.21479405073627597
CC_30FFD856443D,0.6070440981265585
CC_311EF26786A8,0.0786922599644417
CC_3129843EADE6,0.7370842368892649
CC_312C34EF683B,0.04269642300942156
CC_31302B64C078,0.10627615280478915
CC_31344A25B569,0.029282188330647968
CC_31397A399AD5,0.06793976019763925
CC_3145B5EAD7AE,0.2123955002049838
CC_3146EE0BF81A,0.12066494614027735
CC_314D02632843,0.2627345374157352
CC_315133406E42,0.24247477567117615
CC_3180D1C6FB7E,0.21811114369716725
CC_31827EE8A968,0.31522320376160834
CC_319BE06CC27F,0.04949537973286707
CC_31A0A97AFFCC,0.3706888018163639
CC_31B22116E36C,0.21424376880245344
CC_31C78D9B6494,0.366128895844894
CC_31D3FA367B41,0.14602134904873168
CC_31DAAB3E6DA7,0.17310978881817185
CC_31E36F666FB7,0.06288340211027255
CC_31E72EA14FE4,0.11780298831261592
CC_31FC6DC9482C,0.25155349729300136
CC_32076DA6AE23,0.14762272548718028
CC_3209FA12D938,0.3026289328088421
CC_320E17F947CD,0.4549694840920522
CC_3223C706DD92,0.25381180685286475
CC_322EFB2E377D,0.0931440126752839
CC_3248EB928073,0.09671469265776221
CC_325D5DC52B1F,0.10654359693009163
CC_32662A6DB78D,0.14331075161144666
CC_328DD3BA068A,0.22882240184417013
CC_328DF7798F91,0.1530631330286696
CC_3295CFEB188B,0.07950845808897804
CC_329DC79286ED,0.6470511233697768
CC_32CB77D55C73,0.1321147620821263
CC_32D129B9E651,0.11746362852780994
CC_32DB12551D37,0.6832753870050762
CC_32F00D77D5CD,0.12673873894431087
CC_32FF5F6892D9,0.17247741688919874
CC_3301EF60877F,0.1302031043278302
CC_330F334BD816,0.10375304163111437
CC_331285B3494C,0.18250072969503098
CC_331364283D5C,0.13272127319032873
CC_331718E0F54F,0.17298142075908787
CC_33194D48FF66,0.08976647845077936
CC_331E8B8BCAB8,0.06485378270611222
CC_33254134ABA9,0.7711565215350364
CC_332E42439579,0.07600540056666075
CC_333102AB964C,0.17836095867717192
CC_3338AC0E8112,0.22524170828889808
CC_33656EEDE6F2,0.43081554421714285
CC_336777D934E0,0.4296712268276745
CC_336DBFE464D1,0.4920694985619984
CC_3382BB2F3152,0.11768922971693303
CC_3387207793E4,0.034989481119955604
CC_33992C973839,0.18339185238943567
CC_339C36703675,0.06686050157216278
CC_339CA5814519,0.10421856159986413
CC_33B157F2A921,0.08731501279260867
CC_33BBD10F239D,0.06230093807227247
CC_33D3B12EE56E,0.08593296862365947
CC_33DB68EA27CB,0.09769265774557455
CC_33F0B95E70CE,0.27344501949036737
CC_33F40275D630,0.040683996569234854
CC_33FD5DE22692,0.07116052510017222
CC_340961106343,0.16745210894509133
CC_340BB1F4CEF0,0.1058440842123325
CC_3410B11F1FA3,0.18125032511808015
CC_3424972707B6,0.6122731953314187
CC_34452758A645,0.02811478346975318
CC_344D239879D6,0.15992509403441665
CC_34503B6891CE,0.22033836613321076
CC_3451722A3813,0.08474522987735524
CC_34517B513D8E,0.5588783986973218
CC_346ECB4CF2F8,0.1310873608423706
CC_3478E8B6B56A,0.06426667573049895
CC_347AFDE16722,0.0920079483714128
CC_347B1A01467F,0.04073546609287184
CC_348AA62FF484,0.2549201430808781
CC_348D3F098A4D,0.10627056143408542
CC_349290E4D0C9,0.1536432028343285
CC_349347D553D1,0.254948417809794
CC_3495CE27BB05,0.21104165597240068
CC_34B10A654721,0.13975854661144152
CC_34BD2C5130C8,0.12123051099422384
CC_34C433439160,0.06295251742931433
CC_34CA271F73E3,0.3042151195884398
CC_34CEBEA3B15A,0.0760612237619026
CC_34E58CF793A0,0.14010212307524428
CC_34E6909B6027,0.5293242841130922
CC_34F4292A8B5C,0.18918569548058428
CC_34F6DD223594,0.04776900059180006
CC_3508A7A5E9EB,0.1388973128485782
CC_35094977DD75,0.1025876444126676
CC_350DE157CE6D,0.2458137782967699
CC_351BD5C2EE8B,0.025730759778968992
CC_35486249EDEF,0.19284173515839198
CC_354C9ABE6DDE,0.0606018503106008
CC_35578162927A,0.13006155847105283
CC_357C3E7518D3,0.7866525465942079
CC_3584C15BF11F,0.03986654074990167
CC_3588C5166872,0.07897795840539108
CC_35A68306B19E,0.2174147653330516
CC_35BFB3093D02,0.052237054165068936
CC_35C085ED37BD,0.511785925678223
CC_35C695C13279,0.0720476809442689
CC_35D1668A4C13,0.22676289547782247
CC_35D27495E0CB,0.7894544782536311
CC_35D562E1DBE1,0.7250593855783581
CC_35DCDC74A757,0.4155472345294268
CC_35EC2AB1D1EE,0.12698294191536252
CC_35EEB90317B9,0.5495329798732876
CC_361A9EAF7706,0.28624510820899307
CC_361B968FEB98,0.3399307252348176
CC_361C9FA031A7,0.7932145695435171
CC_3620C5D1B3E2,0.0604372256098327
CC_3622D7221940,0.03316099123016278
CC_363175E92F74,0.3038977045061648
CC_3638C9146BFC,0.12956694567293803
CC_3643A4C7EC5C,0.04777903811854237
CC_36690A9AE112,0.7241039423071859
CC_36719170F638,0.09112189652829839
CC_3673466BA7A7,0.09329428843789038
CC_36847054DF52,0.32724252029254774
CC_3691CE792752,0.7240045297786729
CC_36A27FE53743,0.5365173331436234
CC_36A3FB06D1D8,0.8024712897165668
CC_36B0F2AD5413,0.052047303255272154
CC_36B1B7BF5F75,0.09811370707508653
CC_36B68E66951E,0.45339784690948476
CC_36D3F09AD810,0.4810829025764251
CC_36DBD8424220,0.5988243877370482
CC_36E5645D8018,0.06213716222983798
CC_36E6592E4E23,0.19281546456987395
CC_36F143AEC864,0.10497226208946842
CC_36F2A735DF73,0.15097659257370163
CC_36F81C003E8F,0.042772501316584915
CC_36FCD55EE425,0.6112245657819748
CC_3701D5DB7FA1,0.06923345205618688
CC_3706E1EB2587,0.4913026789469758
CC_370E0F8EF86F,0.5137559181901048
CC_371D47444D5B,0.7120743614371032
CC_372CFE308EA4,0.6071891445347085
CC_3731D90357A6,0.3150180238834663
CC_37322F66C543,0.04634106305717595
CC_373539DE38C5,0.1385442427831182
CC_375225700242,0.3147365043559214
CC_3762D0B6F3C2,0.12860495437662575
CC_377A277E831A,0.14800301167028077
CC_377B6066B91B,0.23765306102238723
CC_378D71726B5E,0.08341912548670048
CC_37A46BD0DCBF,0.040767976504216666
CC_37B447368F02,0.7426101686231403
CC_37BFDFE369A3,0.24017511263891345
CC_37D09FE492BD,0.07227571604390105
CC_37D3F4C07235,0.2356136156971589
CC_37DDACE48E3C,0.12572137288726754
CC_37DEF85C0A37,0.27071064459626
CC_38020CED9EEF,0.07329113729030502
CC_382207621EC5,0.8050058796127381
CC_38374AB27F95,0.08477669977502768
CC_383A5544DD5C,0.1298842254127984
CC_383C129A5B96,0.2529913946796419
CC_3847AAA649C7,0.12228283297892521
CC_3849D992C1E3,0.07494483367139898
CC_384BB17F0F0B,0.606932203023362
CC_3851177E5E76,0.06825469827198032
CC_3862F88850B8,0.28770166246208767
CC_3867CFCFCC94,0.2476722233410283
CC_3872ED018F85,0.2094361536497337
CC_3881A587C072,0.13716232467455436
CC_3882F8EB5EEB,0.6045250330037916
CC_38911341EA6C,0.08462210200277315
CC_389E5B71E254,0.5827080551110485
CC_38A0DBCD3728,0.10735346706947524
CC_38B3E9142747,0.07145243869162612
CC_38C1B8860300,0.06618992959721008
CC_38C8CF250B60,0.028565637047621117
CC_38D32B790B4A,0.1325622403962853
CC_38EB304A9915,0.20936409868139896
CC_38F26461C872,0.7613189348995079
CC_38F942257E28,0.49776436663491763
CC_38FA5D78A8A7,0.05017578304874184
CC_3903D7BCCA95,0.07565290482658771
CC_39043D7ED04D,0.1866224785428567
CC_39098B256732,0.062350431255115225
CC_3909A2E4C679,0.13365459202384758
CC_392344DF8D55,0.32573402284708075
CC_392628C8AD47,0.06958028175188803
CC_39285F4C42BF,0.35525814141525497
CC_392A376EA1A2,0.08696082927861615
CC_3932E086F150,0.17523785261373237
CC_393D1D3640D0,0.06306502343109949
CC_3943B3490B49,0.7445653071123242
CC_394DE164DBCD,0.1279196266430357
CC_395600E84A54,0.1252460307492728
CC_395D181A7E1F,0.10010741189406586
CC_395E8CACC437,0.10954767652205848
CC_39635AC6A70E,0.05518567144558471
CC_3969352E3ABC,0.09268164720854881
CC_3985C0DF9CB5,0.4719416645573602
CC_3989F2C6A9F8,0.2611733966372906
CC_39A82672A1B2,0.10059969865673013
CC_39AA15DAE17D,0.6345989569670566
CC_39AA2A3D98CC,0.031023600184769306
CC_39AC257B00C5,0.10196485232213831
CC_39ACC63CDAEE,0.1238088737032752
CC_39CE40784C2C,0.21068465654475899
CC_39E1A306D418,0.1586337267780254
CC_39F2B11C46D7,0.0804099914897857
CC_3A10F5F50A27,0.039150280314719475
CC_3A27CF9D162A,0.5151203202495055
CC_3A297424A7F7,0.13484213729228867
CC_3A39F7930BF3,0.09447074989580284
CC_3A57566F9977,0.5416336555133409
CC_3A61121254E6,0.05026323286681297
CC_3A81C568A7F8,0.22418670063305127
CC_3A82E7050A4D,0.04699487964502191
CC_3A860AADE6CE,0.1704160938219529
CC_3A8B3FC29C9E,0.1362523178365722
CC_3A8E9056A5A2,0.12925011719837484
CC_3A9617A5777D,0.3657485799473701
CC_3A99D25777CD,0.14761194707201777
CC_3AA9E8D01340,0.5115180763222168
CC_3AAEFC09C290,0.7041360337911851
CC_3AB5E579843E,0.2317666318622378
CC_3AB77A30AD40,0.2179888327125877
CC_3AB7BA36A414,0.313219373848673
CC_3ABA830A5BB2,0.13635051354315544
CC_3ADDDA550A57,0.08012235551875115
CC_3AE7B1151DC9,0.16449063724307722
CC_3AE9A209EE00,0.05383434175028013
CC_3B06FCD75C98,0.05086549431076968
CC_3B0722FB5E8E,0.2608721906865245
CC_3B1C51DD7429,0.2083956604873741
CC_3B1F4696D710,0.6255540458661413
CC_3B224413A072,0.29638622841687723
CC_3B35C3783CCD,0.26948136796518973
CC_3B3626F3DF9F,0.1965125758449938
CC_3B4405C7E486,0.5664564279066823
CC_3B4C4A9C9D99,0.3336204338128339
CC_3B72F0E9E3F8,0.1711989323210654
CC_3BB02A95C6C1,0.7267824532682957
CC_3BB8B675C2BC,0.39731197040494615
CC_3BC51B069218,0.10426259852225601
CC_3BCA5BD201AC,0.15849336259017144
CC_3BCAC9793441,0.2542540646570954
CC_3BCBC867AC4A,0.040180218526063086
CC_3BE51412ABE7,0.34296368773459823
CC_3BEA98B401CD,0.6727280743189391
CC_3BED6DF1ABF1,0.17298979170363152
CC_3BF0BF7CF827,0.8103242303489752
CC_3BF110035599,0.6559122183053043
CC_3BF213810DEE,0.6502306756224269
CC_3BF21CA88D3C,0.4175401060895963
CC_3C0E29764C71,0.058623487938659465
CC_3C19509D4636,0.12733733116389648
CC_3C1B038BB068,0.13702480722136082
CC_3C594CADCA2E,0.1840013742594003
CC_3C5D909498F7,0.7122252348691088
CC_3C68D5179A01,0.0980830688038502
CC_3C83955704BA,0.7855138181822441
CC_3C93218F41B2,0.3181557283445401
CC_3C9CFC8FB4D1,0.7229551892480502
CC_3CA266EB55BE,0.10976755835356335
CC_3CE49C937F7C,0.08688483401409537
CC_3CEEB9C04F0B,0.4116180551703226
CC_3CF504AD4DD9,0.06325739488891438
CC_3D1092DBC5C2,0.24591561537837228
CC_3D185833E7BB,0.03567205033016745
CC_3D2309981121,0.311567685908758
CC_3D27A0086AA6,0.15043445714173506
CC_3D3BE7D0F4D8,0.07932534898231082
CC_3D412B5EA919,0.08590247306901366
CC_3D47650C6F30,0.06824049609502832
CC_3D55D1FD8457,0.048172380529525306
CC_3D599501BA76,0.060606194443925475
CC_3D6181EE3C87,0.701747215111662
CC_3D65CC165F44,0.11785746805307583
CC_3D6CF6DB8014,0.460329419907203
CC_3D7C14801D40,0.16462445341702456
CC_3D836BDBF866,0.6554724454963206
CC_3D8DF3A3DB71,0.7640450651794043
CC_3D9309851089,0.2026769610878371
CC_3D9ECB4274C3,0.15659155712146763
CC_3DC8A9A92802,0.2721525725628117
CC_3DDD3813D1D4,0.08480174769806381
CC_3DF3FFB3CFC7,0.1300330258660627
CC_3DF88701601B,0.14076307142629424
CC_3DF91A482CFD,0.3035975287966666
CC_3DFD6349D046,0.6698933219786566
CC_3E0D54125AE0,0.17058729447645668
CC_3E10CFE1DD57,0.05426187517983192
CC_3E13CB98572B,0.16973136772711536
CC_3E142C8ACA6F,0.08154019397748448
CC_3E1BAC4E5B90,0.056093647978729094
CC_3E2DD0D1E2D8,0.14003778651368123
CC_3E403BF08A45,0.07935242314063574
CC_3E46368104AE,0.11402449501938115
CC_3E48A086B5C7,0.34638143372809443
CC_3E54451B0F6D,0.07039165671648805
CC_3E6335ED3F4F,0.08474794389939416
CC_3E87A65C50A5,0.22448615760105292
CC_3E91109E2090,0.04944903229326142
CC_3E92A1EDA618,0.2562294901047878
CC_3E94684FE270,0.4387393175437866
CC_3E9DB402F352,0.1984702187465357
CC_3EB5A15A6C04,0.7872450861821205
CC_3EB8A9A6C49D,0.11198791189522773
CC_3EC96BC884F2,0.11156474279015034
CC_3ECA9E44B90F,0.26267437085279016
CC_3ECE4EF16A44,0.1631133854733571
CC_3EDDB8E70F57,0.19569179517021185
CC_3EDF137D0E1C,0.16002418204523158
CC_3EEEE844410D,0.37392978675777694
CC_3EF4F348C967,0.12710440510378498
CC_3EF91DD11A81,0.13741625955286008
CC_3F08C55E7A40,0.205473112837297
CC_3F171CED0CFA,0.029628261092997963
CC_3F2544EFA753,0.12500081401464544
CC_3F28F3286CCA,0.07895676264643152
CC_3F379CB37B0D,0.16374257871712028
CC_3F42D798AB1D,0.6600296730568127
CC_3F48724540D5,0.1537965162468676
CC_3F68068E2D5E,0.11219196161976724
CC_3F7FBE71B77F,0.06451285767413888
CC_3F80017B8599,0.06362835401291207
CC_3F8B17953200,0.05719406244774972
CC_3F964BADC4BC,0.7110798026132534
CC_3F9767602FCB,0.1994292549566962
CC_3FA84F0B23CE,0.05979519495055561
CC_3FB4B189143F,0.14101240628404377
CC_3FB7C976EB26,0.4668325363643451
CC_3FBCEB2F36D5,0.1077656029745495
CC_3FC4FE843245,0.13824324815368497
CC_3FD52E32FE8B,0.6913055585957592
CC_3FDB44EC6254,0.04065102322244687
CC_3FEFBD6DC62F,0.2623889570008208
CC_4005466D00ED,0.3359943101703255
CC_40095FFBC1A2,0.05098020357077246
CC_400F1887A662,0.09979994763982931
CC_40133FF3069C,0.10104555054156288
CC_401C6F0EED5A,0.09761951126073358
CC_4021AD03FA01,0.16726055865092884
CC_402E91F3A56C,0.11501118883309684
CC_403754B6988D,0.10647537389570914
CC_4052DFCB1656,0.24182519144268078
CC_40579C5C13D5,0.7805586164590838
CC_406937FF97E7,0.09224876257395322
CC_406C4233347A,0.13965413042898214
CC_4073E42E11E4,0.18520675353153856
CC_4077BB12A5F4,0.09737613387188752
CC_4077DD5B5C4F,0.14355228083673297
CC_40824D899215,0.10497824549239264
CC_408D79189FBF,0.30141663199816066
CC_40A3F1D5EA0F,0.3558991570560412
CC_40A852A592FB,0.1438619351293117
CC_40AADA91D560,0.261908123172899
CC_40B39CB2CC58,0.03607211569912594
CC_40CE2030F058,0.050092160138423776
CC_40EA2F8481E8,0.16365685082953624
CC_40EFD7778F98,0.13988734650338486
CC_40F278D49681,0.30068326996316946
CC_40FFCF631F19,0.4415127153531197
CC_4101D1B82788,0.18134583426655002
CC_4109B79A4B06,0.036683285871480925
CC_4119348F051A,0.14569684520983975
CC_41206EE45803,0.07739240132057289
CC_412DF740DA62,0.13203853663444992
CC_413AB4CA7451,0.09844837728083479
CC_414C06C60FF7,0.7325374664678356
CC_414F50748A51,0.04575170214645802
CC_415C65EA66AA,0.06903906673565775
CC_415CED95F7CA,0.12892594012584174
CC_416584250060,0.09353079256001985
CC_416B3A1F0F0B,0.11437196595213339
CC_41735021FC7A,0.26532734730237784
CC_417858CD20F4,0.1314972372348571
CC_41902EFB3974,0.046730963520458864
CC_41A27790EFBF,0.08889722024786577
CC_41A4A223F39D,0.13840625365648115
CC_41B464757ED6,0.11503880310644908
CC_41D1A87E1136,0.4064410060497001
CC_420FE297808E,0.03864254858482105
CC_4211096D5588,0.16010664053426618
CC_421F4D78128B,0.4788937150211591
CC_422F2780C85A,0.3089252142106366
CC_423B0296BE24,0.06960881521611959
CC_423E78000AA5,0.1421462301389038
CC_4246081DD359,0.0908495979300753
CC_4249EDF2FDCC,0.8143855089743868
CC_42568C67F412,0.34243833208818136
CC_426A25EA9E21,0.7481176370629122
CC_427ECDDEECE6,0.2964133521835663
CC_4289EEC8F0A2,0.13707102754478
CC_429A7158AD07,0.1075593305739569
CC_429C51AE729D,0.041128664223609356
CC_42A0DE1E5E80,0.06838078356370732
CC_42A7D0F5388F,0.09727373075116108
CC_42B23C8C9F66,0.19240283760454702
CC_42BD3999AC3E,0.2561599373336094
CC_42C95B199130,0.3766131042732371
CC_42CD6CE97523,0.5328445204261746
CC_42DA114F12A2,0.3793114576268551
CC_42E2736AA331,0.20100168482646186
CC_42EA825C351B,0.4391638616951774
CC_42F1B2B4D258,0.5701837467786761
CC_42F4588EB38D,0.305126480621747
CC_431F29A12E99,0.19247687817541578
CC_432EB78A198D,0.2713474963176054
CC_43383344BC72,0.18339563046084106
CC_4339187DD10A,0.06458329313930987
CC_4344A2E7EA1F,0.5059773530471379
CC_4347468ABE51,0.5621742575456827
CC_434894BC2577,0.044804734841785966
CC_4362DB93FC92,0.07465111053928129
CC_436850DDC704,0.10369237036130707
CC_43698E2EEA0A,0.08970683542545516
CC_4387F73F131E,0.15136005177249442
CC_43A33C994C70,0.3544112106464248
CC_43ACD82B5514,0.3710516145635567
CC_43B37131B8FA,0.1999457508316392
CC_43BFCAF8BD20,0.20635383685745778
CC_43C060E01266,0.19944699014654788
CC_43C41AF27375,0.06267146706870663
CC_43C5AFA48B93,0.07749571570118471
CC_43C767A44C55,0.18294555537951285
CC_43DECAB53552,0.04234572871131519
CC_43E6D931158D,0.37969970330986996
CC_43E9F88019F8,0.06106905255726364
CC_43EBD6EBD675,0.08581851919198097
CC_43F81C577002,0.3134002930633348
CC_443C4E041687,0.08298293238868691
CC_443F63BF238A,0.11267461548109131
CC_4463776F9AA1,0.10860993484847449
CC_446F1EDF03C8,0.0767911609234254
CC_447BAD4F7820,0.8230997237066996
CC_447D02F917B5,0.053990262514982144
CC_447E705746E2,0.18839581344242584
CC_44A017104F93,0.627082968334729
CC_44A1E58CDBC0,0.04319404317094169
CC_44ABCC04C418,0.08621412071055982
CC_44BF6BCCFC2E,0.04391637497624024
CC_44D0671A3B87,0.10722555966038634
CC_44DBEE3A7D81,0.18067050914408056
CC_44F7DD6A88A1,0.1915868491658851
CC_45080C42280D,0.21350432227639235
CC_4524AD74135F,0.47774617711135886
CC_45262103231F,0.18299748719971443
CC_452D8C5D039C,0.7840487836017775
CC_452DECDBC90F,0.058267763707532276
CC_453C9B3A5992,0.5274244707502181
CC_4542AACA1FE4,0.09476604748896339
CC_455209549D3B,0.7612083715758763
CC_4555C804C4D0,0.0884388244361803
CC_4581E4190B2E,0.10033564116640041
CC_458912F91D6F,0.43439297939629534
CC_45913E1BE65C,0.3200950899205641
CC_4594791FB40D,0.11082599888276852
CC_459B49073E2C,0.29973990976861326
CC_459EA8E0E2EF,0.11375448399972717
CC_45A4A38557E9,0.14230385272266102
CC_45ACE2B1DB6F,0.06387005260173778
CC_45C1A92F0E8D,0.09940863667264414
CC_45D0673EDD20,0.12650140578670718
CC_45D70DC84DA0,0.10413903990208391
CC_45D96479EC1E,0.054331583781563005
CC_45E8597BF74E,0.06868152405286809
CC_45E97246F83A,0.2988048321242194
CC_45EC44761309,0.1374513333491033
CC_4603A6F83E2A,0.053189214443100645
CC_46045CEE8330,0.06355809961697599
CC_464E17187A4E,0.43139746440426324
CC_4659FB4B8536,0.1480819884819611
CC_465EF4F9B68F,0.15899677478976268
CC_4663FDE62E3A,0.30181449113648046
CC_466D54BE0809,0.09053850629905875
CC_466ED9BD34B5,0.09006194172735926
CC_466F7908E13D,0.21023695234904413
CC_4695A5525A11,0.16618429013482627
CC_46BBB8A4854A,0.06679381659796402
CC_46BC61EC8F2E,0.18647090058689328
CC_46C0DFA660B0,0.13002107327729132
CC_46C2DCF84CA0,0.14949876178311772
CC_46C38B9F0D8E,0.10791436920276677
CC_46CAB9AE7C87,0.509335341357061
CC_46D0D1ADEA59,0.15492607518266635
CC_46DFC1AA0821,0.7949940172421144
CC_46ECA5976180,0.1759462523698745
CC_46F5F6D27991,0.0789435764679085
CC_46FE9F226120,0.257562395080776
CC_47130CC63FC5,0.14451089511273224
CC_472330768F5F,0.10922463638656309
CC_47292EBB8BD1,0.12256269818164289
CC_4734AB1281DA,0.05583068285588722
CC_473989E6BA47,0.23437658196174002
CC_473AE07014DC,0.15993139184481361
CC_4741EF45C3DB,0.23431777178710037
CC_474586BE49EB,0.16202457852789667
CC_47490BF44944,0.2886610211938378
CC_477213DAED38,0.09952712228182138
CC_4778086276B7,0.12011914244688483
CC_47910B073CF3,0.11746688264161748
CC_47939776FDF6,0.7165775549257408
CC_4796F6A64420,0.05112367058369912
CC_4798549B52ED,0.24844202213265457
CC_47A3714E7D2E,0.31429587389414787
CC_47CE219EBAAD,0.19828482840511588
CC_47CF9074E03E,0.20232389092610595
CC_47E4537A53FD,0.13235739637863472
CC_47E8BC938FA1,0.1587293816622721
CC_47F134D17818,0.11472003494816356
CC_4812FBE05C7C,0.34934606091448694
CC_48152725FAB1,0.581302230732561
CC_482256495FAD,0.6989080743341273
CC_4829FF15D21E,0.19812684211464407
CC_482D26D81935,0.6015942571836832
CC_4838990A8D02,0.07426638661662772
CC_4862EA9CD1DD,0.03990191105414365
CC_4862F8C1B0AC,0.07619201721126577
CC_486CD67D26CF,0.17034087694602032
CC_486D8F9AE549,0.19549822547719922
CC_4877D1BDB737,0.09764811230960511
CC_4885E34F0B26,0.13373390882266875
CC_48928CA8082E,0.20173038949497943
CC_48A74FF0E6C5,0.11611912198221573
CC_48E0791DDD62,0.0801615424872742
CC_48F620B6A472,0.09228719001686629
CC_48FDBB1D7493,0.11942732950982031
CC_4910EC928152,0.12384430156789843
CC_491C18C17767,0.0645084465073568
CC_492F65EF8D9D,0.7959554269305432
CC_493DDD53B97E,0.052824558734714
CC_495F82AA5B9B,0.15251557982950675
CC_49618412FF86,0.09396505599498357
CC_496A7CFA344D,0.744314873233912
CC_4983EBABAE3F,0.062410115631120554
CC_4992C1915957,0.5252680516750355
CC_4993B31028A7,0.05322814209653195
CC_49945441A644,0.21948137346249233
CC_49A80692BC68,0.1003666993696115
CC_49AB67613A58,0.1645775606045757
CC_49B05CADDD95,0.5341030330283406
CC_49C6F9AD111E,0.08842915864385954
CC_49CEB94F0B3B,0.03486383022575667
CC_49D3A79B55CD,0.09099982402894934
CC_49D6671DAE8E,0.14993933967107845
CC_49E6C539B1CF,0.0676519938742126
CC_49EEDF0DA684,0.029385552068932817
CC_49FC290E33A7,0.18978052694285438
CC_4A01CF2F67D2,0.7499617443889628
CC_4A16DC668832,0.4748335358629014
CC_4A212461781C,0.07807437878331261
CC_4A237A8E6706,0.12263615997668258
CC_4A3DFA0E27A4,0.1542199398137594
CC_4A513D39DCE3,0.0654863275582101
CC_4A532B0E6165,0.1938082431666739
CC_4A5FA9F1C804,0.09393783300954466
CC_4A7BDEC665FF,0.059466690537526797
CC_4A7FC9B23222,0.35475692767867284
CC_4A8A7080FA25,0.25988927000911377
CC_4A8EFD589879,0.054912894039992714
CC_4A8F7D2B857C,0.18095562639532736
CC_4A91E8D4289D,0.3727338971378267
CC_4A93163A12F4,0.30484321063317404
CC_4A9FEF48EA65,0.11895796913635169
CC_4AA73D751AA5,0.3048244296133761
CC_4AAED0C85F70,0.13475470730199876
CC_4AB1DEF044AA,0.04233858364506285
CC_4AB5AE299217,0.18623575690375613
CC_4ABA0CDC2270,0.1814767624383031
CC_4ACFFC2F295F,0.6690883744810084
CC_4B0490BAB1B9,0.07341900093115121
CC_4B28B03CEFEA,0.11050472633511206
CC_4B420765EB9A,0.1408270894743273
CC_4B47C16D9867,0.09840744745680231
CC_4B494C4D7D03,0.39595385413117096
CC_4B4C84B015C2,0.046477084779000026
CC_4B607295E983,0.049927113218489284
CC_4B6D24E81483,0.07678902683293386
CC_4B77AF6FAF2B,0.6604540764515803
CC_4B7EC3F2FFBA,0.05776398295660088
CC_4B85318DFA50,0.1462080057600191
CC_4B9B36B36DA5,0.7336665079294917
CC_4B9E0AD5D692,0.4920545632867152
CC_4BA041C9678C,0.10573214891586664
CC_4BB40F2129A6,0.08523516097151884
CC_4BB8FD274E2A,0.05899192342250071
CC_4BBB8118FBBB,0.13388983211217653
CC_4BC8CB91719F,0.11168284371316058
CC_4BE447D54BB8,0.1538388343619788
CC_4BE85B1BDB62,0.33441512577465987
CC_4BEF3C7F6395,0.2654864372351716
CC_4BF03FF61B97,0.5460861953107611
CC_4BF4C38EAE8D,0.22743842862873556
CC_4BF95B8140C8,0.12106319864699293
CC_4BFE0CB61B5A,0.4315092040140706
CC_4C2A3F254101,0.3603307391248916
CC_4C351DEB6230,0.2091511587707379
CC_4C38031A2A9E,0.10986380052165141
CC_4C3E35875F03,0.08939191022288433
CC_4C4D79F933B2,0.1417532677492651
CC_4C56497F4AB0,0.7031472393396382
CC_4C827B493CFD,0.13160439637833274
CC_4C849C6073AF,0.10394089390978449
CC_4C869E6F618A,0.21624671478418578
CC_4CA21C15763D,0.11687975010816802
CC_4CB2F1CAE684,0.11203637101167653
CC_4CC0265E0778,0.05525279078570609
CC_4CC5483903E9,0.523593574046292
CC_4CD7C76FE235,0.397927186450622
CC_4CE2BFED4F4C,0.08405890388938765
CC_4CE751CB58FA,0.39660070142543624
CC_4CF3E184C500,0.04240485504069663
CC_4CF668E60D64,0.24086416765773663
CC_4D1A1AF53E18,0.034443597172205444
CC_4D29155FCF33,0.20353393803276565
CC_4D2CC7618AC2,0.5048183662131369
CC_4D350FF7402B,0.35398631093856464
CC_4D38AE84E3CB,0.20698826463977946
CC_4D4140E1056D,0.08168433664761111
CC_4D5545FAB130,0.5503412732909719
CC_4D55E218946E,0.09702120997657078
CC_4D5E14BD6AFA,0.10009719707118599
CC_4D78935D66E9,0.0517880603884864
CC_4D883AAAC6C9,0.035163816450017954
CC_4D8D8108C51E,0.6236659743877256
CC_4DB40331777A,0.7924426328693341
CC_4DBC8652D26F,0.09382794285549535
CC_4DC0E154EBB0,0.6628806175618286
CC_4DD5B8780C4C,0.07038629153785673
CC_4DE0070FF683,0.14033017484730645
CC_4DE688CDBC27,0.08989103565007683
CC_4DF37857FCEF,0.06804537468110165
CC_4E20F0249BC6,0.726382366354382
CC_4E2F01B7B9EE,0.19114927695491626
CC_4E41C247B4E5,0.20865250316149006
CC_4E479F6989A1,0.06729810740758153
CC_4E48AF17BC29,0.07812410290278345
CC_4E6BE67E3C4F,0.03440319602961163
CC_4E70939C5933,0.48727960882118876
CC_4E70FB172717,0.1677309359785599
CC_4E726EE8C026,0.2551101371904832
CC_4E76F48DFDEF,0.08619688614766914
CC_4EA180B2B913,0.029057830674855
CC_4EA67A160C3E,0.5728719117060604
CC_4EE41FC91AD2,0.17383294588480913
CC_4EFECC6C2E36,0.6854883221055244
CC_4F22CB97C34F,0.04357373394519157
CC_4F2444DC6C75,0.8104151722321745
CC_4F2B7F512DD5,0.06671059927802668
CC_4F504A9744FB,0.12158924721532965
CC_4F6FEE589187,0.14930298389502442
CC_4F71AAF96C32,0.09040674284488641
CC_4F76E57C55EF,0.40233885541232367
CC_4F88D3E5AA2E,0.03734790633757191
CC_4F8A4384F6DE,0.11889154304499779
CC_4F8D83DCCF25,0.262254044142054
CC_4F956AA47816,0.6388072425285173
CC_4F99FCEA10E8,0.10312636200958732
CC_4F9F10A183F6,0.08712723461474174
CC_4FA766935F14,0.07976913084113771
CC_4FB0B9E398F2,0.2722862747544415
CC_4FD0DF6CA3AA,0.053281955127271054
CC_4FD902F7ADEC,0.04897351485303047
CC_4FF1155E3A6B,0.3565609722381938
CC_50103368F241,0.09285125360145345
CC_5012B9991935,0.14101893423880907
CC_50172FF2C2C1,0.12392383473312722
CC_5017C9BA7773,0.07580480824437784
CC_502C3D0EC4CA,0.11067354544087736
CC_504157951119,0.06639750977422305
CC_5042938B5A9A,0.4675928312210822
CC_504A57293FE4,0.8138071095506412
CC_505812CFE43B,0.3394379703208715
CC_505A6EB06E39,0.30406643804735306
CC_5064CCE0EF29,0.23333071203242972
CC_507BDF639FB5,0.19112761801079414
CC_507E53684AB6,0.11264052994120595
CC_5087A0D1765D,0.2186549428620684
CC_509229AEC221,0.21239828950264728
CC_5092D3A72B03,0.1901634385781936
CC_5092DF691F74,0.5077312705711197
CC_5094BB59416F,0.21896795561366197
CC_509926B384D8,0.7423242533418373
CC_50A6C96DA7D3,0.051364088880006264
CC_50AE75A10F3B,0.31000127825677715
CC_50D4BB93EB1A,0.07773375249665027
CC_50DF7B02E356,0.1796043823071213
CC_50EB53CFE7F8,0.059130483346674666
CC_50FC7D563CE4,0.19019184633938344
CC_5100E6EAA3FF,0.25617165934066527
CC_510F2944B2A0,0.11981918542670157
CC_5128881AAD54,0.12956915758779977
CC_5138941DB7A2,0.17332964007825916
CC_5139EF8BEAFB,0.1379909097241563
CC_513E5EEC6B04,0.12379144633062111
CC_51427EF15375,0.2780634106882394
CC_5147B281DA64,0.4005560492993117
CC_515D968ED36E,0.0710010407820016
CC_5176FF858154,0.1535108282617728
CC_517CB40FB016,0.0739017732526595
CC_51884D5F3E4D,0.12077208092483711
CC_51AE98263438,0.12861581269333955
CC_51C9CE782368,0.1461679620441057
CC_51CC80D1570F,0.06541353031210995
CC_51D2E3476902,0.06966041560581991
CC_51E05E706D64,0.13060983177088442
CC_51E5A5E9801C,0.051570591097646674
CC_51F5DA44F9A0,0.41623221516056125
CC_51F6BDD355F4,0.06345185304677338
CC_51FE657FE212,0.07915917868467799
CC_520950C9BAA3,0.04086611785251624
CC_520B1D31AB99,0.12227700604147601
CC_522550E1761D,0.7710233978218168
CC_524CD519E76B,0.11281786332462133
CC_524FE9E3DAD3,0.4784703507189254
CC_52629A025048,0.12091691335892202
CC_526765FC100C,0.2247413586041694
CC_526E56249FFA,0.30463747207407094
CC_528B42A34966,0.27265354426027083
CC_5292B36E4882,0.2178811404166178
CC_529A2F110236,0.13823897893726167
CC_529BC4ADAD6A,0.1761815609966333
CC_52C1C5A6F887,0.08415552492292049
CC_52C3B674FDFD,0.27255406090417555
CC_52CCBB8F9964,0.07410813042158698
CC_52D21FFA24DE,0.7543077280868992
CC_52D32EDBAA78,0.19347565497879424
CC_52D7821A8363,0.14437976570285035
CC_52D9087EBCD6,0.7780799784990168
CC_52DD62E1AC2E,0.17232073505396242
CC_52E8B04F0FA0,0.10557086002189371
CC_52E965E9E2C3,0.17868532924478187
CC_530BA492842A,0.3062717353426088
CC_530F6E906D6B,0.03973671895132031
CC_531FCFBE3B13,0.10723672824493018
CC_5320DFEAD897,0.17175989468877462
CC_53319AE7B829,0.6564863189936143
CC_53481151859F,0.03795657355409262
CC_534D4FC05F82,0.23280025250096084
CC_53687DA8C9E5,0.3170189327660092
CC_53795A7B7751,0.04157831810529771
CC_538328A6B3BA,0.4329513633802389
CC_5385266461B1,0.16596040025998376
CC_53891CB35BF8,0.19977141510686727
CC_53A6E1083B13,0.07221411323774951
CC_53A77DA726A4,0.07262368276347349
CC_53ADBC2F6E34,0.22634585494511142
CC_53B249809561,0.08860841009621749
CC_53B2DF5B019C,0.05613100424114217
CC_53C1F3E031A3,0.17654077429769122
CC_53CBF2E8AD05,0.46244587901961776
CC_53D04793ED9D,0.06517898391079145
CC_53E23A9B6F74,0.06538543195148318
CC_53EB59C99100,0.3317552572473395
CC_53EB9AC04311,0.11750163704876943
CC_53EC732C9B30,0.034927826966606
CC_540122E71534,0.15857869760359886
CC_5405C89DF8BD,0.7128752595040311
CC_540D69F5BA23,0.14757579363605655
CC_5414446319CC,0.7623647064707354
CC_5418410F95A2,0.07838252083447132
CC_5431A01C30E4,0.08685815373771577
CC_5452437FC605,0.44434455983578
CC_5452979BF98D,0.07202786186553072
CC_546EE83F84A4,0.4722357856890693
CC_5473268241FC,0.16022499164542545
CC_5474EE64D859,0.33354750980617626
CC_5476E2B2FCA0,0.0921887868491748
CC_54892024F98D,0.20171824421681936
CC_54B33C66DCF7,0.09669542354541542
CC_54CF66B660B4,0.3984923321223306
CC_54D3A35EC69F,0.06052528794049525
CC_54D6AE2665AA,0.10539243502623354
CC_54D93974E62F,0.3196971134427976
CC_54F5F552A0F2,0.13248142642784175
CC_54FC3B361BDA,0.07994617903476106
CC_550135E8FAC6,0.1585883230512423
CC_55020AD0D117,0.14080293334149435
CC_55094AF7EFEF,0.0952486781692297
CC_55126E23462E,0.04857210183578115
CC_554C21CCAF3E,0.08401806143988687
CC_554C912C7DBE,0.08902625553582712
CC_556B02A2B401,0.313247157187764
CC_557A0B0CD0F4,0.20781804889717045
CC_559A14E729EB,0.30413732721441433
CC_559F0DD4E4A7,0.36460111428789893
CC_55A82B4E57F6,0.17904001156106109
CC_55A98ABE4C75,0.15457092526579733
CC_55A9D45EA466,0.03899748063746752
CC_55CB872FF50B,0.2888451480386028
CC_55D9E3D58435,0.2315856329236247
CC_55DFF3C3BB46,0.05652236420619994
CC_55EDC3996984,0.1358902037592201
CC_56013299D8C5,0.07839364154428567
CC_560B519C1F50,0.08608029169284147
CC_560CABF0F5D0,0.18008187461618375
CC_56178AD87948,0.25367938255744377
CC_5619A7BB54EA,0.0915625377398318
CC_5624319D7B28,0.11468923562923201
CC_5625119D6C37,0.18377988308827886
CC_562BE7245E1B,0.7060429967290912
CC_563684010DF5,0.597721263337791
CC_563EA9A29338,0.11772146535562474
CC_564590AFB575,0.037226992786011465
CC_565E01191BF6,0.6495588529188615
CC_56612A039382,0.06197765339744316
CC_5665FB827721,0.5232746896619163
CC_566932C3CC97,0.12582123055250397
CC_5671D59B2A51,0.146933511977472
CC_567E7DD24A97,0.09191675227338623
CC_567F47F37683,0.03260741559526752
CC_56847A91065C,0.09611094690453688
CC_5698480F8634,0.07395336446174579
CC_5698B024CECC,0.5236818381535333
CC_569DC051A2EA,0.1166693120299831
CC_56A322152604,0.3227263731041575
CC_56BFD9A8335D,0.360362469293495
CC_56C9379BADB6,0.047212354722934335
CC_56D410FD8F56,0.32242931593050966
CC_56D4549919EA,0.15535090627777476
CC_56D918CA6353,0.13687601351313014
CC_56DB30CE666D,0.15837919725971383
CC_56E760C3206D,0.2568132230428301
CC_56F73F905615,0.7687028044872304
CC_570683C088DB,0.12313238198266567
CC_571C6AFD00ED,0.41457680042648154
CC_5725663C3B89,0.1018927070556941
CC_57291D7667C8,0.21538854941972777
CC_57313F6E7927,0.19109638073083726
CC_5735F9B859AF,0.645080227333074
CC_573B34826B2B,0.6499834844500474
CC_5744447CAF7A,0.08740921366656568
CC_574CC0FC7B05,0.12405196085678726
CC_5759E2982909,0.09777607927193456
CC_575CCCCDD7B6,0.6070673695825407
CC_57603A37D19F,0.03610296361813036
CC_57639D4995CF,0.20444180329565298
CC_576E6676FD55,0.06402446759103099
CC_5775C148E05C,0.11287830431960144
CC_5798E560E9F3,0.7557169667031117
CC_57A486F61065,0.5838332821137819
CC_57A726458B99,0.0724937910872684
CC_57B0D41BD7D3,0.3202634507955112
CC_57B501E60C35,0.05881534751834805
CC_57CA90509CB1,0.7835329432628596
CC_57CB7673547B,0.11759941230411608
CC_57DE479CB61A,0.723077552316307
CC_57E7F1A6B895,0.03343135602449173
CC_57F13C4115FA,0.37879409017940113
CC_57F480CA9A42,0.08949666543006063
CC_57FDFC6DE726,0.2390078889979077
CC_5810468B76BE,0.14121427884775162
CC_5810F212B2EE,0.38579060345493815
CC_5817759E7007,0.1653154852597752
CC_5818B5089B3C,0.0906085981780146
CC_582C78363EB6,0.0697185090449936
CC_58391600720C,0.14647243400185847
CC_583D7B177F85,0.08496575624346321
CC_584C11014F63,0.13550833438661086
CC_584CDC12578D,0.052085044836418626
CC_5852F443C55D,0.10945919984872247
CC_58565AF0F70A,0.48237912626688173
CC_58568DF9AECF,0.17910998034827916
CC_5859EE6309D5,0.5052954258842571
CC_5872B45E1C19,0.7295939627187482
CC_58797A417EEA,0.18855732100453595
CC_587A4844B482,0.2392419983131351
CC_587C0CC3DD82,0.6199399765834229
CC_5881A04052CE,0.081761644769046
CC_589A4E02EF81,0.15741262991961688
CC_58AB46E5655E,0.1510184523743077
CC_58B0CFC9F3D2,0.060481854618572195
CC_58BEFDA6B4C6,0.11720987072415873
CC_58D95C7247D5,0.06266075301387301
CC_58DBF3409D48,0.06271741036657451
CC_58E35A47B880,0.17124136540357404
CC_58E40EFF57CF,0.394030120727991
CC_58F551219BD6,0.06133095442457203
CC_58FA76C6C45C,0.5520769823601602
CC_59018149723B,0.06786539633066845
CC_5904459ACECB,0.7841262034714873
CC_59088B2886E8,0.03305668560540944
CC_590D2E0AD18E,0.5420704226715035
CC_59146CA05E8C,0.06477602544948403
CC_592592397DC2,0.486381270162221
CC_5926F5B4E054,0.17160297229382102
CC_592A5A163624,0.3104880936719667
CC_5941C323917F,0.08379094629989348
CC_594E4E86A1C6,0.19956160597968722
CC_595ADAA76A32,0.13145602002479542
CC_596A20270C3D,0.21459579492343359
CC_5970E93E11DF,0.30184000883530604
CC_597AD111527C,0.12076808798280454
CC_597FDFFA265C,0.07269163322095702
CC_599C287D2BAA,0.3791983127758767
CC_599E345094D2,0.12094701983813766
CC_59A4741B5A92,0.1824529968112415
CC_59BB3A5BA2A3,0.5846266322161495
CC_59BFD1200F6B,0.22706088752172926
CC_59C07CCAF4E0,0.21879312152483352
CC_59C49474B501,0.12111342117836159
CC_59CFBC2CA471,0.5694919702903306
CC_59D62BE0C0C6,0.16466589283608904
CC_59D86F572716,0.10516897126425472
CC_59DF71FBA4B0,0.03916440951958308
CC_59ECB7465DCD,0.058859679409832916
CC_59ED43A803B3,0.028692099779058858
CC_59F5E81F4EA0,0.13687756076487223
CC_5A10371BE7B1,0.7626754987465558
CC_5A2F9A594A05,0.5764942642216424
CC_5A38E46246FC,0.4428263968819961
CC_5A3F52B0A07B,0.19779448555020088
CC_5A5507A49F6D,0.09411830016873039
CC_5A58A5E6DE82,0.09378599219998879
CC_5A5BB6DC1018,0.18165942006441546
CC_5A5C0DF50E01,0.09505358669969059
CC_5A633C535360,0.0939242793250818
CC_5A67E62D8D5E,0.6441856721497489
CC_5A6BA0007593,0.12404525191350942
CC_5A7513434C72,0.04019122716014301
CC_5A756D8AE60D,0.203583384130926
CC_5A7C13841B7A,0.6205942240864789
CC_5A7CBB6E8716,0.17040147652001136
CC_5A83A1E25A2B,0.3814292466696798
CC_5A86EB53A14D,0.7204048173556101
CC_5A89E13CE597,0.21107512084395
CC_5A9466D0CF9F,0.13068878794695102
CC_5A95331BD0C5,0.09110645845446948
CC_5A9F63C3E428,0.0590392004132205
CC_5ABC76FF707A,0.04758125714210141
CC_5AD0F1B43457,0.10130769718101994
CC_5AD82250C271,0.03647643531984658
CC_5ADD27165E38,0.6887800936013454
CC_5AF32E5C8018,0.036675810812529984
CC_5AF3690FA0B0,0.21224386386000185
CC_5AFDFAA63B45,0.15193607888868987
CC_5B025DA26FE6,0.04965848529849736
CC_5B07C7DE7E7E,0.2422669742512551
CC_5B08171A6880,0.19230728892002022
CC_5B09FB1A0BE2,0.05794577348553468
CC_5B0D6BA12702,0.4466601398245462
CC_5B0EF2D4C3CC,0.1860676457138477
CC_5B195D88C182,0.34051279750639124
CC_5B1F6FE71A38,0.05631154206479345
CC_5B247961602E,0.07893685069538846
CC_5B276421F4CD,0.061668833865923894
CC_5B289AFA1662,0.30975268924153637
CC_5B3A16421A31,0.04970310042978778
CC_5B3E78897EB7,0.06708020222822174
CC_5B480B44A9B1,0.15575598084240164
CC_5B546C3A21F8,0.1937471263078113
CC_5B5BC4023EE7,0.16639905121952195
CC_5B6D63DD34B7,0.08329422194923967
CC_5B6E868912E6,0.060068976413040064
CC_5B818D2581FB,0.10572333248216732
CC_5B82E8BB921F,0.30652415808254047
CC_5B8E8DA14EE6,0.1826463172401278
CC_5B900A135A69,0.10212355920622973
CC_5BB64BDF3C99,0.09361176686438838
CC_5BCB2C79D1CA,0.26721526552781477
CC_5C072DB8586F,0.06690260672678924
CC_5C0BEC2A0850,0.061484780538755245
CC_5C24010127D1,0.3078281214995861
CC_5C2DAF5E0EB7,0.4555399993309082
CC_5C3E8DB90978,0.1315905102340146
CC_5C4A7CE69975,0.3032767597760384
CC_5C5766F933B0,0.46323481520981596
CC_5C5808240054,0.09087682502769696
CC_5C5D6E15EA27,0.2595566210345112
CC_5C60C4545922,0.09961810592491227
CC_5C626D70F6D6,0.17032078911795276
CC_5C670F0622BF,0.06673646698067533
CC_5C799E57EF53,0.06454958275508457
CC_5C7B44735AF4,0.16209644599159576
CC_5C7D8DF047E9,0.1926152847614547
CC_5C80F394EFC3,0.15489181145789133
CC_5C99E6189441,0.06856741891277751
CC_5CA9AB4A6AB4,0.14030995275402183
CC_5CB78ADD2432,0.17418685340700338
CC_5CDE37CE08CF,0.04338425606474994
CC_5CE258D12432,0.32682703067955937
CC_5CEEF006ABF9,0.0554755579377633
CC_5CFD2850E277,0.23761034425591085
CC_5D01F71B9FAD,0.11713621349777581
CC_5D065A455A45,0.20002976436914408
CC_5D0AA7D4954A,0.3194837165468258
CC_5D242448B812,0.13283884759817235
CC_5D2C5115BDD2,0.18988173659192684
CC_5D3273E039AF,0.6704037355838306
CC_5D398BB3365B,0.08754937829816584
CC_5D3C1CE64952,0.08442021422637928
CC_5D4B0EBB5CD6,0.11248706309944984
CC_5D5E897588D3,0.12410568767061901
CC_5D65F25FFB8D,0.05701274239529752
CC_5D665A86C465,0.10267936010689806
CC_5D80C353E475,0.10222090582687886
CC_5D8895A0AB4C,0.18835876901149465
CC_5D88A673BF50,0.24319017475319313
CC_5D89688B69A9,0.43926479671580765
CC_5D8AC8E18A8E,0.07993815279813511
CC_5D8E7DC2FA6A,0.5070208868887759
CC_5DA29AD9E85E,0.05495333965068346
CC_5DB286EAC626,0.2634183228041117
CC_5DBC1BB95B84,0.7818113872617255
CC_5DC0A465470D,0.04605096865349433
CC_5DF82CB03C3F,0.0977370657122003
CC_5E001C93F359,0.05650350080396255
CC_5E029094A55C,0.6535848376066659
CC_5E0808121A65,0.14045751667470005
CC_5E1117E4E593,0.15856459520046648
CC_5E1541060A97,0.7094190654570548
CC_5E1C11540C0B,0.08143828230473656
CC_5E1DC0E143F2,0.1183873923869949
CC_5E206AC277E4,0.20005017204235134
CC_5E22B4BC8B12,0.10391246731373682
CC_5E22D889B6BF,0.13826017022331485
CC_5E38425EC99F,0.72704809040877
CC_5E3A70C2077A,0.14081920201133594
CC_5E5607D275CA,0.12354713298773778
CC_5E73C3D2B3EE,0.14421888960774304
CC_5E7F23A07A71,0.10259730638746069
CC_5E80A96974B8,0.2661755631809544
CC_5E8C0453B9B8,0.366158528855074
CC_5EA599FBA5E0,0.47079709011617005
CC_5EB379BA6C7A,0.12058385582480032
CC_5EBB96F65AFE,0.3962800186995208
CC_5EC41568C2E1,0.08306380590749897
CC_5EDB5C924107,0.30123607675058484
CC_5EEE5D0FF8D3,0.1756589536725862
CC_5EEF07FFC243,0.0626737052496292
CC_5EEFD690759A,0.10302895105519688
CC_5EF2176F01D5,0.10548623625737104
CC_5F17CA33D26B,0.07482429675892727
CC_5F20750D6658,0.16574084822170201
CC_5F2CE32A6EC3,0.1338897782464785
CC_5F328EE757B6,0.047581348329870425
CC_5F35B8D87D06,0.17366909170619174
CC_5F390BA40E83,0.7182582310383373
CC_5F59092CA9B2,0.10167070052329273
CC_5F5916E96E19,0.1585251168495985
CC_5F5E835B9E6E,0.08392719994008052
CC_5F648D39D67F,0.6082083575989223
CC_5F6D4104C808,0.18073008410759905
CC_5F72EBE104D4,0.023701585518009147
CC_5F765C41F051,0.05267130534437445
CC_5F8859A6F0DB,0.034142114077664855
CC_5F88ACC7C384,0.10520392204603753
CC_5F89DFA97B7C,0.5343373286873233
CC_5F93A3E31DD6,0.64316430257222
CC_5F9A44423DD4,0.14593055515306405
CC_5FAA7965BD71,0.13936177818887346
CC_5FAFA265CA02,0.3533315455551041
CC_5FBE1A34704F,0.17718326740109416
CC_5FCAA919577A,0.23877368507091823
CC_5FCD208ADD77,0.2109931004587363
CC_5FECD2BB0094,0.09203791731156828
CC_5FFDE52E6B7A,0.11391295526243429
CC_6002BFD3F26A,0.14140845852695616
CC_600311592F72,0.05215694463380661
CC_600AE12112D6,0.2896453954159274
CC_601C3178E38D,0.16459967341953316
CC_6037EEA42F2C,0.41054446461583577
CC_604C08F76272,0.6674948241406186
CC_604C72AC662C,0.2053121688570411
CC_60510AFA8A87,0.12121531468281244
CC_605E2E26E52A,0.27079895258119263
CC_605E3904CD8E,0.13947931116787138
CC_60611B935106,0.11534607835205844
CC_6061787228F8,0.15490977487355162
CC_607270A72DFD,0.21957117693591885
CC_60738E418DB3,0.09633813116431067
CC_60961DF8A134,0.1772195051434539
CC_609B7A7FA165,0.08602301201605889
CC_60AC5C892D01,0.1333364413918905
CC_60C09FF84412,0.20978929221773376
CC_60C87349D73D,0.28651639526347633
CC_60DA2FBF1FBF,0.11395165169229417
CC_60DA539A39FD,0.1743545136087814
CC_60E974A0B278,0.051795670030161854
CC_60EF7D647EFC,0.03173862862554421
CC_60F525A39898,0.037591520729465554
CC_610009B69EBA,0.6713591697918511
CC_610FDDF5FE54,0.1433429807900889
CC_612C06CB5FF4,0.09944575267955931
CC_61307D82CC26,0.5916338958699364
CC_615030FD33CC,0.7374229611414785
CC_61649241FE59,0.191861134186478
CC_6170051A606A,0.16183629884181894
CC_6179A630658E,0.0823506590261553
CC_617BD59427E7,0.08781928766137033
CC_617EC8BD5153,0.1764436673702093
CC_6191E14D21BE,0.05753985214673685
CC_61A798B8D222,0.05155564232845041
CC_61B4A983D1A1,0.07692722300591287
CC_61C9732AA682,0.694332395459606
CC_61DC64E37471,0.04773394981086377
CC_61EAF14033DB,0.11181007326310667
CC_61F18E0C218F,0.049570348093021764
CC_61F1A1263F5B,0.14242352350563153
CC_6209EA426553,0.04449489259440815
CC_622BD8CB3807,0.2525588777139312
CC_6234A9617A7F,0.0824486081433455
CC_623AC074EB25,0.18429010386174258
CC_623FAACE8A80,0.0482249620263012
CC_6244E2935407,0.25759043836992923
CC_624535E11F69,0.05129580054102117
CC_624EA2917CDD,0.6398028028535977
CC_62565D08DDDD,0.8026724783389568
CC_6268ACD3F95B,0.5000036459809715
CC_626B61F4789A,0.6341048767994611
CC_629193C2A090,0.30455823585435365
CC_62933641AC43,0.2204895013498052
CC_629480877536,0.34219164323588075
CC_629CB045D9FE,0.11085473652567872
CC_62A84BC400F0,0.31010125891075013
CC_62C36DF81797,0.17932726492040907
CC_62CC835CAE4A,0.6851681423189656
CC_62D4192F126E,0.7530421014670337
CC_62D7A3C9483D,0.07839174562982014
CC_62DF1B99B4DA,0.12052748030084987
CC_62ED7BA3E620,0.04473657537268488
CC_62FC001AFC78,0.1141799014062654
CC_630412B4AFDA,0.2074258990077944
CC_630903AD39C1,0.041546855773023174
CC_630938DCC1B5,0.05418262798374138
CC_630ACED773E9,0.3723915696672096
CC_631E1690D913,0.05821891365046374
CC_633A7C7FC25F,0.24396249524149413
CC_6342051D8FEA,0.23499876606195577
CC_634CE4E8AE49,0.19600749454852107
CC_6359692F5EF6,0.1180910932241448
CC_637278423A6D,0.2189073172667798
CC_6377AB848081,0.08357085571269496
CC_6381A65E0A3D,0.10183132243935054
CC_63871B4814E2,0.1225410688332388
CC_638AD269F05C,0.03375625741866085
CC_6391AE0FB83F,0.14708107816932495
CC_639703EE2ABD,0.048978968775410185
CC_639750C87A7A,0.7102430589253257
CC_639B1DCECD2F,0.15330861494108974
CC_63A869443AC0,0.43109028653692233
CC_63CCEE26BCAE,0.06003372269900233
CC_63D51CECB6D2,0.21432021025948744
CC_63E53402FC02,0.03189887706151087
CC_63FC6895901C,0.13274033330580182
CC_63FC8A97D9C1,0.13845229649187246
CC_64117B93EF73,0.3099987105412677
CC_642D9C325F1D,0.3693064747517587
CC_6436B950E22B,0.1887732652194888
CC_6445BD3DDB6E,0.04062464472504463
CC_645C15569E42,0.10734954150310672
CC_646472AD66EF,0.08747158709738818
CC_646B8254357E,0.1741696482332226
CC_647F4BB4983D,0.6219530960317323
CC_6489ECEEFD0E,0.08185171348249108
CC_64946E57306A,0.03718641209512457
CC_64976830B0B7,0.26811292050175345
CC_64BA10F3FAA1,0.09272592238386525
CC_64BA39A0DFC6,0.08381091962584593
CC_64CF9A79EBFC,0.09065996531276388
CC_64F0E0473D1E,0.08895365509356416
CC_65006C2AB2D4,0.7668547492202894
CC_6500BD19FA06,0.25534681059273545
CC_6504DCAA90E1,0.07745025812144231
CC_6509C7361994,0.1792790493411418
CC_651486189673,0.09351906959979865
CC_65194BAE506A,0.19713651456566664
CC_652539353439,0.15241518946909408
CC_653CE5FA5A76,0.2520811963615273
CC_6560C2F4EDA4,0.16226712370905785
CC_656137F98187,0.6050355570922363
CC_6575B4B39113,0.03328521819155889
CC_657F629D31E2,0.2248246594641794
CC_6580B7583ADE,0.191833004565135
CC_658477BA75D6,0.03763340436543633
CC_658B7867BE7C,0.1189473809903047
CC_6593FE5349F2,0.09737553209746179
CC_659EE0F05A75,0.33444469485456957
CC_65A0D8134410,0.2539968270886432
CC_65ADD5A19F64,0.15897569450117688
CC_65C3F0F73BB1,0.0848055594065585
CC_65C47521C285,0.034725395274635924
CC_65C4EE0B737C,0.22157888808642445
CC_65CB68404333,0.18830051045593899
CC_65D6DFF1B766,0.11648091302423615
CC_65F1545C35E1,0.20155301322619235
CC_6602547E2FCF,0.2078323553710438
CC_6615D7044816,0.3116774212150158
CC_66244D4B72EA,0.09571153849812782
CC_662E5AAE07A8,0.04749848462147474
CC_66322B339E84,0.041328080462793924
CC_6634FD4B1CD5,0.776277155199747
CC_663DCEF4923E,0.22749535987709094
CC_663FE5BF918D,0.43550315175743853
CC_6645798E740D,0.08521300840696999
CC_6649736C8321,0.7955421296330457
CC_664E1026C4D9,0.23049487497830543
CC_665603C4A33B,0.06953643033704834
CC_665BDD9C8039,0.38754117565306695
CC_665F2AD58363,0.2189325607578817
CC_666767444BC3,0.23421332353266391
CC_666C0A2A8674,0.05326842899714515
CC_666F2BCDC7D7,0.20840582323403486
CC_66775178B226,0.06021939109391745
CC_667B6F8C846A,0.663528959331603
CC_667E909835A4,0.22630256326550988
CC_66809C278FCC,0.21852823269373425
CC_669CCC44CFCD,0.07004625654225187
CC_66B0BD3F6516,0.30000736136448597
CC_66BF02C05DD8,0.12988706551343723
CC_66C491256BE4,0.07535888450406351
CC_66CEFA65F912,0.3532931829733112
CC_66E025DB3282,0.6472587900980034
CC_66E7B423A32F,0.6487036661134282
CC_66ED26E7BAD9,0.08294229775406449
CC_66F7FF7735C3,0.17426830179325767
CC_66FD0CE6D57B,0.04662122477405429
CC_66FFFE05C2E8,0.09563700195934806
CC_6700012A39B8,0.14497365424147585
CC_670FC6A064F0,0.18996883844526924
CC_672932B65802,0.06147036318414522
CC_6742C6478F98,0.18392798704755028
CC_6745321663BF,0.06274298690156314
CC_67579CF57290,0.15593000281462352
CC_675F7483FB90,0.15064357024358468
CC_676ACFAA6131,0.667313391996783
CC_676B423C495A,0.5660089606903868
CC_6771C0D1CB1F,0.048943276434373295
CC_677EE0369CA7,0.09025243244599819
CC_677FE35855A9,0.20939259989784073
CC_678091614A14,0.13190112891898767
CC_678A43ED0803,0.6770260393980445
CC_67955C210226,0.06892916597956805
CC_6797E0B01112,0.2464328292464817
CC_679D90941842,0.17865767549984812
CC_67C05273700B,0.13440413138432186
CC_67D5172B6450,0.13866707668716421
CC_67E8CF412D93,0.12150126441267887
CC_67F6576A6836,0.2773681226427314
CC_67F985A00A12,0.0612032417388959
CC_6801AD1D4478,0.09534696229181532
CC_6803BFA94B17,0.05188143312394538
CC_680B16E5E240,0.1555991429505526
CC_680F2D0F4F6C,0.09109307380198838
CC_68221E1393E1,0.09787097962732516
CC_6822590B968C,0.16796739502930494
CC_682D8EBCEE94,0.2385862821561339
CC_68429B4AE401,0.45313532404092954
CC_686B26BDD061,0.06592622434039457
CC_687518442359,0.4719748182696286
CC_6875DA61F422,0.23219876897141564
CC_68A3D749608C,0.18225414338885115
CC_68A9C3CE2557,0.08413141448063155
CC_68B9F8C6D9D6,0.6698372321755417
CC_68BC65E3C84A,0.4696884080555588
CC_68CC4D1D898F,0.05786682267182596
CC_68D0ACBD2D0F,0.03040035203274695
CC_68DA8D5488B3,0.08961252473589842
CC_68E675A69AF3,0.15810309362929462
CC_68FC9E6FA27E,0.16477116096937475
CC_69322F7C4CE3,0.14579490945352266
CC_693710EAD59A,0.2040355083722077
CC_69387752F41F,0.5328008556955729
CC_693B71DDFE67,0.15335816897456697
CC_693D4AEDA3A2,0.12405352293119294
CC_6952171BCD2D,0.15581468959520242
CC_69547DEB412A,0.21977360222375739
CC_695E80DBA42A,0.09245342555256875
CC_69717E76CFAF,0.4725138635920641
CC_69741BF89A2D,0.130850305672609
CC_69825C70EEE9,0.20306499429102298
CC_6985C268DC74,0.39391565300589276
CC_698886C4AD90,0.14577582407058884
CC_6999901A6060,0.201352585095151
CC_699ABD34646F,0.07662704936741248
CC_69A98DC7A907,0.06611073569174465
CC_69AA6E0DDE10,0.2666177806984476
CC_69AD5A48A78B,0.2759303101240617
CC_69BA7BFF98E2,0.10263096834194091
CC_69BBE365C097,0.04634903280611441
CC_69CD95A00D9C,0.0544585893107614
CC_69D328691680,0.07173349525560674
CC_69D39C9F36F2,0.25324227908890334
CC_69E09390CD64,0.08008933023019563
CC_69FD49E90AC9,0.3392050329668759
CC_6A099AFE73BC,0.15182186751773938
CC_6A099E6C91BA,0.3391881694348999
CC_6A19EB191A81,0.027762983504112146
CC_6A39017046FE,0.0868468145011113
CC_6A4A401F2920,0.36664810461328856
CC_6A5261180031,0.05950814857382495
CC_6A7432494840,0.16603295160485845
CC_6A7963180D20,0.3476419943582734
CC_6A7D7E5F814F,0.5888106561500933
CC_6A8B8BBA749E,0.15114006034824945
CC_6A8DFDB0621D,0.1391057399016806
CC_6A93C436E2FF,0.11599175541956115
CC_6A97F81D9A0A,0.13095674024891832
CC_6A9D1622B4DE,0.3031265942586543
CC_6AA6589445C1,0.6417710187615712
CC_6AA7A87F59FD,0.16550004314175484
CC_6AADD44C0B52,0.10571178066251369
CC_6AB4A5EBA3F6,0.2123493155761755
CC_6ABA7D0ABAC5,0.13145440871028402
CC_6ACF1E52BE8E,0.128352857809493
CC_6AD3513459CB,0.06226162858321401
CC_6AD4238EE77D,0.18580787621835607
CC_6ADD0FE5DD74,0.6494031692097479
CC_6AE2737BD3A8,0.1042814224801374
CC_6AE48C1F2448,0.16966784257111592
CC_6B00A666A420,0.6353341128957074
CC_6B07C3992304,0.062061205949711595
CC_6B0A72BBD800,0.5886692956403801
CC_6B12B975F2EC,0.34559837522907744
CC_6B12C9507F32,0.169812487365818
CC_6B34719D93AC,0.5359760827739039
CC_6B34740DD355,0.16376448034208402
CC_6B41081727AD,0.21702391818789357
CC_6B4902892E70,0.07249477096173149
CC_6B5BC2D89077,0.74618972925946
CC_6B65242C2CCC,0.15577798634786458
CC_6B823BACBE75,0.31187301648861715
CC_6B83E1A959C2,0.26201207332155346
CC_6B84FB3DE604,0.030973579432121534
CC_6B8AABAA752E,0.19154908394179238
CC_6B8AC0DEE990,0.36507926946727615
CC_6BA45C072D40,0.15043337988030436
CC_6BA72ECB5027,0.11647263740349013
CC_6BB560F020BD,0.07190407173548542
CC_6BDF0B68C126,0.02494009762249211
CC_6BF0A9437728,0.10561842900446948
CC_6BF3B9097199,0.18460021195359788
CC_6BF7A1EF31B9,0.17012713401856838
CC_6C29DF49246A,0.06127356178498822
CC_6C3C86C2125E,0.10183042071205521
CC_6C42FF6D7218,0.6558311696408028
CC_6C541A482CF2,0.20548363390824717
CC_6C585A6BFE01,0.8092415921826728
CC_6C5CE36700D0,0.20498558886249116
CC_6C62C2094733,0.11183612343141043
CC_6C66539A9D02,0.2900394276656438
CC_6C684505E498,0.08531048955218927
CC_6C6E40927C35,0.03215392440435177
CC_6C7736F51C12,0.6756813868569687
CC_6C781CEB6F52,0.10251886950030652
CC_6C7E39BF4744,0.11165752096408867
CC_6C9EE9BAECEE,0.07167470224870225
CC_6CA0F076091A,0.0875842938091903
CC_6CAD299645B0,0.13729260303751337
CC_6CC3C50BA394,0.10439038543627051
CC_6CC593C5385D,0.03689312303630101
CC_6CDA4B24C602,0.3067432178441654
CC_6CE31AFF7813,0.0669118668707092
CC_6CECB68DE9C1,0.33096423011866943
CC_6CECD3DBA212,0.1727000454041838
CC_6CF17D012682,0.17730382849196502
CC_6CFCDF903310,0.18890186182827565
CC_6D08B5E62654,0.0972617918195044
CC_6D0F60667273,0.2897052810680107
CC_6D127EE83945,0.05849330203573405
CC_6D134DB29068,0.34171333460114894
CC_6D141A49D94E,0.548689681983418
CC_6D148C0A624D,0.1639036193805804
CC_6D1EFDDE2EED,0.05864816293933489
CC_6D22B938D7B9,0.0725112953333512
CC_6D27409F4956,0.09618352400770384
CC_6D2F0EBBCA4D,0.2537531197819411
CC_6D43BE30E8B8,0.24444526362615038
CC_6D4EDEAF67C7,0.23107674121760172
CC_6D72571304DC,0.5094742533518324
CC_6D7C62C7C161,0.05590966962141752
CC_6D8A18C28AF0,0.06690908526178115
CC_6D8B35007242,0.08680614737218044
CC_6D93A9E49E3B,0.17181062436349395
CC_6D9C644A082B,0.1235307060555863
CC_6D9F52BD4D0E,0.11511281891544972
CC_6DA058F9B631,0.2506936012642457
CC_6DA1F8DF9CDC,0.23590134403006935
CC_6DB000AEF16A,0.11398835097211563
CC_6DB5025899E3,0.20936427541174973
CC_6DD6FA2FA0C6,0.10146867426730188
CC_6DE4E4C1A31D,0.18511613347771474
CC_6E09CBC15C94,0.452636622571682
CC_6E353816938F,0.046280925482705106
CC_6E3AB992A5C9,0.21157053574374374
CC_6E420A2FE490,0.14223342165753858
CC_6E46D01888D5,0.17872727476357705
CC_6E4702162475,0.07628142962830599
CC_6E548AF15091,0.2271549323009535
CC_6E5C9A2DA27E,0.03868291737684547
CC_6E610F3976CB,0.16024951306198243
CC_6E614FF9BE02,0.6526931602220691
CC_6E68D46447E2,0.08703445823286164
CC_6E712C21215D,0.04224729450820359
CC_6E84DED41B8B,0.1628762809301745
CC_6E8557E30DC9,0.6048042668471398
CC_6E8963475D35,0.19839333067814732
CC_6E9880CA0BF9,0.2773952612239575
CC_6E9FCD68ED52,0.6472127793880599
CC_6EB194A93F60,0.11376033400502351
CC_6EB370F511F7,0.05068135092252762
CC_6EC722B2BC2F,0.1748286755661994
CC_6ED1B0EE4B6C,0.2314230058020289
CC_6ED65E7CABA2,0.10440963659072929
CC_6EDA84B653B8,0.3321868857469594
CC_6EEE8E7C1D1C,0.2053555022858035
CC_6EF17801ADD6,0.12884082090030938
CC_6EF337CC4BA9,0.276272549923998
CC_6EF464EC9FCF,0.10069837301247893
CC_6EF6B8AE7DCD,0.03983996184060507
CC_6EF8C59D8395,0.8352501352276361
CC_6F2146FE362E,0.05126625537053107
CC_6F2408B665A6,0.4312550386448188
CC_6F2B8E925D59,0.029252607445973924
CC_6F3034E96848,0.09866938644129271
CC_6F3559ACC2F5,0.03696379553113217
CC_6F46C5897DA8,0.38975611261725057
CC_6F49ECAE902C,0.060862352844268226
CC_6F4B818665D3,0.10353791597719277
CC_6F4E696A1F88,0.33610540145612733
CC_6F54BD66C0EA,0.1763106138333684
CC_6F786C433998,0.1015442520009663
CC_6F78BF56B0C0,0.11501062102216335
CC_6F8346F138C1,0.43820778041507485
CC_6F86CFDB23D6,0.05503866610998298
CC_6F8E30AE9457,0.2023271296754393
CC_6FC25B27AC26,0.07494678113717936
CC_6FC8BE007FE9,0.13710655212673248
CC_6FC8DA40122A,0.18983704204950622
CC_6FD8BAB1DA3E,0.0549945341353393
CC_6FE4FD09A9D8,0.0753478949655259
CC_6FE78CB02174,0.03646609638910065
CC_6FEB8EDBF2A4,0.17346303053015896
CC_6FFCF2DAD0A4,0.08013403471696204
CC_7002034B0979,0.07604153145540161
CC_7006523D45E4,0.09332147302940087
CC_70097151A773,0.06269122436907867
CC_7011BC95A91B,0.03403846120067519
CC_7020F3C11A3F,0.1828511863407654
CC_70306409A3E8,0.3401114142861224
CC_706B18DA7204,0.13909073994423946
CC_70703A59C070,0.2160348586908556
CC_70749DDFF595,0.16615101890867348
CC_7079CE5127A3,0.036153728646290816
CC_7087A46F0AB7,0.06836018888588612
CC_708B73EBD939,0.15674913568673768
CC_709315667BCA,0.0866332717947738
CC_709970475B6D,0.599765836173965
CC_70A56ADAC199,0.044334107392045526
CC_70ABB244502D,0.03777631472943999
CC_70B0176647CE,0.1293343137058299
CC_70D3353DA1C3,0.07061178493445408
CC_70D652DF4E91,0.11378703641589165
CC_70E3121BFDC4,0.08549696485795016
CC_70E5FB8B072D,0.045068365941362605
CC_70EFECA3FAEB,0.18416056631326874
CC_70F59DA18BCA,0.5088043785305111
CC_7100129A0AFF,0.07574755757960157
CC_7113554E33B9,0.05796278715914397
CC_71260405461D,0.059696208442624556
CC_712677251322,0.18451809573580313
CC_712D31B2785D,0.0573119850724364
CC_713052DB1E2E,0.057357176556166935
CC_7139C2D6F1AC,0.12120638835631019
CC_71427FC8FA49,0.2264418748531485
CC_714912E93A71,0.12185106733189743
CC_717A5C2ED311,0.2251215280346636
CC_717C94F5C8F1,0.07125089539563474
CC_718F067F4DA0,0.03754118922317496
CC_719E714DD38C,0.050789834465798024
CC_71B169C874D0,0.1568988199849228
CC_71BB5070615C,0.13029882777808285
CC_71D37D6D19C6,0.23275609742117712
CC_71DC80205F42,0.20071035280184946
CC_71DEB636B8CD,0.6277230838280718
CC_71E4CBAA1211,0.1322309099669114
CC_71E787049755,0.0897631646832931
CC_71F1EF5575AC,0.09515744965637425
CC_7201DD8EB33B,0.20098939825524154
CC_7202C8CE2317,0.30795958517814886
CC_720B06583C57,0.0398244128448771
CC_721DEC038BAF,0.06928054565761686
CC_72219BCC83E3,0.15034527642459594
CC_7223DABA7E98,0.07539686544009638
CC_7233459FF7B8,0.21131896974002204
CC_7238A8A6767A,0.18163877851060406
CC_724559551664,0.6984991510268027
CC_7248EB4B76CF,0.04674600376342434
CC_7259B5314D92,0.081252917162767
CC_725CA03102FE,0.040030774470618716
CC_726E05E5A555,0.10896971484460749
CC_7276AEED6D4A,0.06784537161312897
CC_72A18E8D6670,0.033535111043530026
CC_72CDBC38202A,0.44403019676544764
CC_72D8B2ABA2D1,0.7527887457679333
CC_72E4590D362B,0.33015831095032905
CC_72E8542AE4BA,0.05410279254597181
CC_73010B6E55DD,0.6476671847299196
CC_7309A4693D52,0.16076338996543146
CC_730C2A3FF1BF,0.16680404969748938
CC_731C1BCED024,0.5888975827704367
CC_732C325832D8,0.2183876901087001
CC_732DFCAA0A75,0.20389828001559418
CC_73322A6A24B1,0.7338074303066584
CC_7336B19A18AB,0.2469251135804119
CC_733AF1D123B8,0.34624654464533355
CC_7344A0E90AFC,0.11112277503975976
CC_7348C2B475B7,0.12738137774553696
CC_735E1A78B058,0.07061081395069509
CC_735ED2A02DC4,0.10354468367069343
CC_736015DE4E3D,0.3374411577519057
CC_736A42761E55,0.10751874573378438
CC_736C0436B98D,0.1517187662784694
CC_7379212919FD,0.07071408297420619
CC_73859CD59E75,0.5457945327510304
CC_738B201B1CF9,0.09663218016002474
CC_738DCB11942F,0.051586985518347894
CC_739198ACE582,0.13688722541987033
CC_739D093D7B69,0.09917249259308214
CC_73A7FC903662,0.1821190642607383
CC_73A8927DCEB9,0.07712208531510574
CC_73B575BBBBE3,0.15130276154761244
CC_73B6B9AD2002,0.045322865226227166
CC_73C28D72A5A3,0.5114609390743777
CC_73C38DBDF9A7,0.10108159023173702
CC_73D44BEF6754,0.43464387742696214
CC_73D4C1D7C022,0.07299871747721144
CC_73EF383F3C2E,0.12695710631135262
CC_73F34B1607C1,0.06062935443079212
CC_74137206902D,0.08869651837347224
CC_74198E5EC366,0.0595276716874926
CC_744FB5804A8C,0.6182109101759963
CC_7451E64B6D47,0.16470578117953738
CC_745A64878AF1,0.08282489914396722
CC_746B196CECA1,0.17927378879011538
CC_746C06898D5B,0.5994697190519714
CC_746DE1EED0DD,0.2577240067746561
CC_7476938CF6A0,0.44939427895390455
CC_747CFDB7E305,0.07621809456930372
CC_74845374E870,0.7470630718280407
CC_74AD8D3B192C,0.7473610669062865
CC_74B90A15B270,0.11596260479125632
CC_74BA5D46E909,0.6849293615986869
CC_74BE0AD5E21D,0.17691331000717267
CC_74C33B66F002,0.14284110473659026
CC_74C9C3F17421,0.061161351878611436
CC_74E4BD5C07D2,0.0685897279427604
CC_750D90249EFD,0.08618640374140474
CC_750DA21B7EDD,0.33871440095861866
CC_750E6537383A,0.21289827800664998
CC_75137D6F9DCB,0.0989324038605419
CC_75173A8A11D1,0.3835333629318385
CC_751DDC1FC2AD,0.12392420315539987
CC_75357E0206F5,0.07745017956108584
CC_753D160E3A58,0.14608158049605033
CC_754447632F75,0.03594810085404638
CC_7549363C5D36,0.06148296639308376
CC_754F3894627C,0.12221500203508362
CC_7562CD43897F,0.1323927664832445
CC_756A077EC614,0.4632043311882454
CC_756D3492443F,0.28759111951601213
CC_75783B3E6C6E,0.0412422051974398
CC_7598068A716C,0.04875517982588846
CC_75A37D8C1F6C,0.5833195599656794
CC_75ABDDA24C26,0.12117355786750567
CC_75B287424E59,0.37650994749738276
CC_75B2B88876B6,0.09183557548649345
CC_75B324FCDD4A,0.22458098115017142
CC_75C1466E61E2,0.22755569407179974
CC_75CCCD9D4568,0.10264044501352536
CC_75D2DAF4491C,0.3374619028697749
CC_75D54090AAD4,0.08967549472192064
CC_75F1927E5941,0.649722134455892
CC_75F99AD6844A,0.30338643540294097
CC_75FBA505C727,0.29954605594461586
CC_7615CC930B76,0.1481989446599375
CC_76168488EBB0,0.4690477874943162
CC_76197A77D666,0.028924803000310795
CC_761F48F8E962,0.2158549719947155
CC_764C6ADC6D1A,0.09691097686605811
CC_7658A6B0910B,0.04512444661973126
CC_766347951B7B,0.5763016864576441
CC_76857712D8F5,0.27779122627804853
CC_76A0DF2549B7,0.09838274035651347
CC_76A636414AEB,0.2789575667220608
CC_76B01540CDD1,0.15466469341760583
CC_76B420FC66EB,0.09024187701198055
CC_76B6BCD2EBAF,0.06714138688576536
CC_76B7A0029620,0.10031575513959963
CC_76BA435EF2AC,0.1906883239097341
CC_76BCC1AFDA4D,0.08781764674835478
CC_76C35913E797,0.14217500575679734
CC_76DE3DF1DEE3,0.1743036002743039
CC_76DFA4CD068B,0.07338702535849848
CC_76DFE3568C72,0.2570904930906976
CC_76E201F1E036,0.3403013296062407
CC_76E83166FE0A,0.13252162708980877
CC_76FD9E9D9ED0,0.15029794206465924
CC_7720BBD06736,0.29794613089431704
CC_77340228F356,0.6688113761002304
CC_773CBBCBAFFE,0.11443900596165087
CC_773E9B092923,0.11411477488744799
CC_773F22C3E42F,0.04409883523709759
CC_774ED295BF96,0.18522074500035554
CC_7751ED6DF76C,0.03841763601064393
CC_77571749B970,0.1290436469609158
CC_776F8B3BAC08,0.09913161020883432
CC_777889F9694E,0.03643689482917782
CC_777D08513AE8,0.11938343677198254
CC_777E3D988EFD,0.21602499978184042
CC_7795BEDE05E8,0.2935744118821937
CC_77A9EA3A6784,0.09510908508558479
CC_77B1AB7960A9,0.21872538092976887
CC_77B6EA810549,0.2801345573756742
CC_77B9889C9BFD,0.1798263174775071
CC_77BC55DC92B6,0.19851995162663374
CC_77D1DFCB0A8B,0.04530953660995224
CC_77D9AC43DFE1,0.21149252436643015
CC_77E6EF1CF2F7,0.10421875855420358
CC_77FFA8E6B36D,0.07996267973506753
CC_7801661A9DC2,0.17530628046986507
CC_78069B1BD931,0.15297599843837886
CC_780828B48716,0.07843311095666503
CC_782130B98F34,0.13059036644025843
CC_78273789B3C5,0.7729865090154063
CC_78296783E4EA,0.18050646744436438
CC_782B06291D87,0.07837790345954855
CC_783A2D4C89F9,0.4247732856073987
CC_784407E16923,0.11092500120658481
CC_78491B6255F2,0.366013430951272
CC_784F17AC712F,0.08245786341889183
CC_7852FC3BBADB,0.07919960365115326
CC_7866E4CE528E,0.7474271314128279
CC_7867E7C01013,0.2107386889447392
CC_7869F609EC2E,0.19304934060404602
CC_7874F14ABD7F,0.18286963885965643
CC_78774E05FF12,0.14481801655277776
CC_78815A352067,0.09992383319120635
CC_788FF4549766,0.2761775404182413
CC_789977501322,0.07610534997963501
CC_789B2BA880E7,0.04141542943839408
CC_789D87F51AA1,0.059783937859777786
CC_789DC3C358CB,0.2420211599455786
CC_78A036DF6320,0.6877976856458442
CC_78A3EA63B7EF,0.03717080215131539
CC_78BF1B8FC1CA,0.10958414320139871
CC_78C96E7015BA,0.6446296618494597
CC_78CC84FA2CE2,0.21745363771529255
CC_78F0087076CF,0.20104747492617245
CC_78FAA95F5B5F,0.11346580361789203
CC_79033EFDE096,0.12650659387889307
CC_79086C18A963,0.1699260219861414
CC_790DA2ED9F5B,0.12164229676034816
CC_7928811F7D86,0.10342626535296177
CC_79345478FCE5,0.18455908910723384
CC_7936C8D65B95,0.1275781889545761
CC_7948C5509411,0.5070851232594512
CC_794ADB0677CD,0.1154198015791214
CC_794FF8E7F876,0.04303278490644372
CC_79500EA652BC,0.5815545403573921
CC_795083A66DB5,0.038975264074670786
CC_7950D4B773CF,0.13769803884036289
CC_7955AEB49759,0.1742126974558825
CC_7964F862DFA3,0.43967852499944066
CC_797A700CF967,0.5109520632523091
CC_798180DDF677,0.3590367861854335
CC_7981ABA9C370,0.10093510790770299
CC_798B2DC03C5A,0.08417134549983972
CC_79BD986C23CA,0.0710556306735667
CC_79C6BA680815,0.4844625717885338
CC_79D694E6F5AF,0.27937900420366585
CC_79ED9A0F6E49,0.4194012097540898
CC_79FA2512E5A2,0.15955536417692942
CC_7A0024F6FA60,0.25353795862515777
CC_7A193A453F27,0.03865530056763509
CC_7A1F071DC5D4,0.33394528445489363
CC_7A5D96BC99AA,0.7318764275135051
CC_7A6B51562949,0.16121306140900182
CC_7A6D7F9654DD,0.3796654077226033
CC_7A778E010F33,0.2906194702419334
CC_7A7FB841B669,0.5078070887531184
CC_7A91013D31E1,0.11001582902396688
CC_7A9117596769,0.05934892773761565
CC_7AAF340DCE8F,0.18703932635130913
CC_7AB146267981,0.19409460567590678
CC_7AB2A9CC8424,0.22512366595896705
CC_7AC1DF18CBA4,0.18535026183506983
CC_7AC4240DD225,0.3272965510350123
CC_7ACB325BD924,0.1956233710019658
CC_7ACB88002397,0.4370712038369615
CC_7ACD4F370AED,0.21667738717744348
CC_7AD4072A9F82,0.05387754094879863
CC_7ADEECDE4D73,0.23999398461609397
CC_7AEB48D8C5E0,0.08914933793964142
CC_7AFA5CD2B29E,0.1052531971437698
CC_7B092786DDB0,0.049144252098988754
CC_7B1B35D5628E,0.037126063010710246
CC_7B210557F04A,0.15418938825610395
CC_7B369A7C1D3F,0.19422727568822265
CC_7B4002591821,0.7038665806329562
CC_7B42BD80D79A,0.20712921660940284
CC_7B44FDF08B93,0.10341866816386232
CC_7B501C32CAE5,0.07989430656496664
CC_7B88520D4FA2,0.3653587977712062
CC_7B8ABE6E552B,0.2113676478319211
CC_7B8D2E07908E,0.4002832262172287
CC_7BA150468D19,0.6121158060679535
CC_7BB159FCEB53,0.25245047134613036
CC_7BDD72710831,0.066813789594163
CC_7BE02C65B967,0.18861938300571304
CC_7BE382988C1C,0.6075928920615917
CC_7BE6110DBAA1,0.3354950678204038
CC_7C0B14BB0573,0.12760315599583058
CC_7C0CF5558904,0.6716632951172703
CC_7C13E7F561DA,0.6868230015270483
CC_7C46F7F667F3,0.093679117628977
CC_7C510CE0521B,0.09446203368168733
CC_7C61B5D39E49,0.4042034521040396
CC_7C6770DDA182,0.13532953541616144
CC_7C6DBF78A610,0.10489446058518744
CC_7C7B0438E3AB,0.17113610871030857
CC_7C87DFBC3176,0.09910536617768577
CC_7C9528E94215,0.33475551821193217
CC_7C9ADE65CF81,0.09145362437676141
CC_7CB6CD1B9DD0,0.04495886887935319
CC_7CB7C7E55BE6,0.1680372399099991
CC_7CCC3A690325,0.15200805201539797
CC_7CE5689488DB,0.03301273568493409
CC_7CEB758A9814,0.05047864093245106
CC_7CF7443D923A,0.060664219326008746
CC_7D0D597690BF,0.19173319049486184
CC_7D0EA0307817,0.045338114999779834
CC_7D12E6FF25C3,0.10127048427696195
CC_7D28D39AED1F,0.6633109543060234
CC_7D2D19D832FF,0.05695024851632532
CC_7D34A67E1369,0.060295999401871636
CC_7D4388B41EB9,0.14931521312013354
CC_7D46FE573D79,0.08563261156591838
CC_7D7810799F2E,0.05434451260759706
CC_7D79241150C8,0.1310151154654217
CC_7D7B92EF2655,0.1607812255443973
CC_7D8C2495C1F7,0.09419399349468795
CC_7DA4F1BA24A1,0.5918524717422318
CC_7DAF18939084,0.06404498945485264
CC_7DB8BA427410,0.049143457545501756
CC_7DC9456F1161,0.04125464327030385
CC_7DD2CBE0F0BC,0.2508083895142202
CC_7DD495158BFD,0.6488259145685892
CC_7DD5411F7A14,0.30654957032566194
CC_7DF099A7A092,0.26017595854284087
CC_7DF27D2AC111,0.04169973499755803
CC_7E0CA072EF93,0.06969146870612461
CC_7E0DA100F5F2,0.23303150553400231
CC_7E1086EFDED5,0.03803053481011707
CC_7E12E0F3CF6D,0.09615084252526092
CC_7E178CE78FB8,0.07630236650931178
CC_7E1C1A6D0E9A,0.17192904331309466
CC_7E2A76850DF6,0.7930349734166778
CC_7E3ACB15C69D,0.09690793578080657
CC_7E3F3373A73D,0.7436397986043901
CC_7E42A3D0737F,0.11612602979307274
CC_7E4679C534D7,0.2151414360767221
CC_7E53FEEB19B1,0.23858752197733127
CC_7E71CE7FC603,0.22522249408362094
CC_7E8333DBAEB4,0.36509603959990006
CC_7E843438DE4A,0.05817371770059343
CC_7E8E4747C0D0,0.6231931246878939
CC_7E952828C1B5,0.08165926530727584
CC_7EA6431FE6F5,0.11868639297424206
CC_7EA7BA7621C3,0.24808469884120252
CC_7EA8F24B3010,0.09955821112322781
CC_7EAB28B0309C,0.06300434359191522
CC_7EB4A5BDA97E,0.07288501303501567
CC_7EB4B0A36534,0.09389115968320477
CC_7EB791F4AB2E,0.12840085989238256
CC_7EB883C9D5F9,0.0422621518658036
CC_7EC59C577F02,0.06012256080287045
CC_7ED2683D26DD,0.08522934714420871
CC_7EDB3440E0AB,0.62872592414267
CC_7EE12013C7DF,0.18193451684775955
CC_7EF824CC0D3C,0.12624366770924486
CC_7F09C6F6321D,0.7099080449946595
CC_7F1AD40DA179,0.2672526059019023
CC_7F1D38A39164,0.078086720053987
CC_7F22B7D326CC,0.18711605386464933
CC_7F2614F1AAAE,0.24053326285163537
CC_7F2CDC7C1634,0.039189314000378526
CC_7F2D46DF9BC7,0.15714183038217444
CC_7F57A90B69E0,0.22065657366815436
CC_7F633226A676,0.29420638468484567
CC_7F753D809267,0.7006251425293407
CC_7F7EBF25AED7,0.034631869305492176
CC_7F8496CC5779,0.03847544910513946
CC_7F88D9C5D258,0.1268585595200407
CC_7F8AB4DCA794,0.13394256490948772
CC_7F8CC9509418,0.31211692369767957
CC_7F9069571F79,0.3213843769615597
CC_7F9AD27E079E,0.2089654231070578
CC_7FA281AC1C7A,0.0786449627127251
CC_7FA389E90548,0.06086535329657667
CC_7FBF4A48AF55,0.0489952544961939
CC_7FC40175A8E1,0.24983281361069046
CC_7FD58EE7029D,0.07861925864231152
CC_7FD7F635C341,0.06258458149523936
CC_7FDD458DA059,0.2701256619378537
CC_7FE85C259E03,0.07638983318350005
CC_7FE8CD30D7E0,0.09245946612976023
CC_7FFA32DE7B04,0.13398815751497242
CC_8014F1E2C5BF,0.038549184831349254
CC_8015895C1C29,0.19043435718350885
CC_802BA7E39A13,0.06069171801353066
CC_80300D23C3FE,0.4274549297776488
CC_80465303B6E2,0.1785426218402045
CC_805ADFD46B84,0.050255396638646616
CC_8060F40D9522,0.17611213841723364
CC_80621E822131,0.05568913233015683
CC_806654B580B5,0.42326089608515166
CC_806CFD6A52BA,0.03808500497358677
CC_807935BBEB7F,0.045620524213273374
CC_807C57E626E4,0.09052236634811789
CC_807C91C98684,0.02714848914486921
CC_8096B589BB07,0.13055654788400675
CC_809D60155E9D,0.04521193205897201
CC_80A2189E5125,0.4588523486488583
CC_80AF87F62770,0.17622945928397582
CC_80C03DF9CC57,0.2102546864725796
CC_80D9B6563750,0.5809485052870129
CC_80E9638ABD4B,0.04764556683288868
CC_80F7171B71CF,0.08318856353097555
CC_80F9983BC18B,0.05514984522011162
CC_811109A98EFF,0.10518237473962054
CC_8129480B056D,0.3424317680674081
CC_8134E5DA9FEB,0.5646282482486236
CC_8140399AD344,0.12959544508624887
CC_8140E278B6A0,0.24787154911984977
CC_814E0F756757,0.47004218386876745
CC_815FAAABFC91,0.20467603561636882
CC_816B28807CED,0.07625772032115487
CC_81821F9F2307,0.47610721247497295
CC_8186D7991EB8,0.049236381502107705
CC_819E203180C8,0.8090159526002428
CC_81A5E3141BDA,0.4850750616165362
CC_81B5CED8EE79,0.16308389755113561
CC_81B91198E00D,0.7266288690540836
CC_81BADC379C8B,0.19671888066951737
CC_81BF8EA390F7,0.06220517426623009
CC_81C5FC962C72,0.04894015345479777
CC_81DDBFAF1CB6,0.05919543250931219
CC_81DE637E6138,0.035555700391923205
CC_81F389DEC9C5,0.09086956620858977
CC_81F647806849,0.10837190215620145
CC_820D491B2903,0.7264650857127967
CC_82172863AA45,0.26053690848870165
CC_82195FBE9366,0.06149555010272078
CC_821F503DA953,0.0773861082108079
CC_8221AF9B0B93,0.7423165981992182
CC_8222D1C47857,0.060539844990601825
CC_824BB6CD2B25,0.05924378709585079
CC_825192411933,0.07696339451372587
CC_8270E213EDF5,0.1911569244918129
CC_82839CC161E8,0.0658110264813566
CC_828A0B6D7291,0.07577815834395261
CC_828EDE22A438,0.039582039821261544
CC_82928B5ABD45,0.3079611869570885
CC_82A7FE954659,0.1909818127840128
CC_82ABE1FFFA1F,0.10749722354047364
CC_82BDFA01C41F,0.10844291702497703
CC_82C20057CB4A,0.11138371732008229
CC_82E52529A567,0.32456684858560075
CC_82EFBFCF68AB,0.1250038254593847
CC_83092F58B321,0.13378309171940206
CC_83098B4BBD4A,0.11145861167704031
CC_831F9E623C5F,0.19967300586546585
CC_8326C8A3D569,0.10933131874104111
CC_832730F42A18,0.1259833276326781
CC_832A44C3F2A0,0.04649628892994966
CC_832EBAE498AE,0.7036548239016674
CC_833B196A70F3,0.639893128624418
CC_833E14DFF4C6,0.1589207706541346
CC_834092035687,0.36883924665303075
CC_8351244DE3CB,0.05774407808752186
CC_835B90025058,0.040606728945032096
CC_836534CEDFD3,0.12143163523182486
CC_837ADC1EA55A,0.1812658806460911
CC_83884D799788,0.22531132749707652
CC_83947255841B,0.11611076767492917
CC_83A5A3022ADF,0.784133377066274
CC_83ABA98906DE,0.07840670525984461
CC_83C75D07414A,0.40262905208901983
CC_83CBA767432F,0.7065494320089591
CC_83D342F53F36,0.16809673418439872
CC_83D5CA2A23C2,0.03284776703373911
CC_83E002D6D82D,0.21915925247878934
CC_83FE1BCC83E6,0.34447225993997027
CC_840E5B830DB4,0.04141089778177038
CC_842525788FC1,0.1855141223469443
CC_843076C8EB9E,0.279284353890098
CC_8442C97EE91A,0.09022465049599204
CC_844C3C30ED67,0.08886527866630438
CC_844E345D2636,0.221484758616685
CC_844F26E92B12,0.18916294504685863
CC_845032D8A261,0.26388224619840345
CC_845223F606E2,0.30892444272765146
CC_846F5B19B110,0.2973540679771499
CC_84797EA9ABF9,0.23336287735311478
CC_848D59D48081,0.1995431657426493
CC_84AB057BFCCA,0.04577372815535736
CC_84B0BA112537,0.05481356991676564
CC_84B8FCEDADD5,0.07393295701155302
CC_84C61A6BE99D,0.09823584273698145
CC_84CDF830F68F,0.09188712957044443
CC_84D5B88572DC,0.2569781083051354
CC_84FABECED186,0.1242032710532296
CC_8503F43FB29C,0.2665449622994999
CC_850ACB004EE2,0.10099936869685328
CC_850B114489CE,0.13032292084442804
CC_850CC17BB13B,0.117586622280991
CC_8518C159BDE6,0.1354040951819028
CC_85299261146C,0.07134343833008491
CC_853986C52A17,0.04058394329248272
CC_853ABBECF2E1,0.8137749455003821
CC_853BF4485D85,0.1811609882646048
CC_853EED03843B,0.07441725068451721
CC_853FD1B551B1,0.15390445313570603
CC_854AAA98CC0C,0.7994355790065861
CC_854F8AB5F1FE,0.038061513165039675
CC_855E2A785BAA,0.08714304007829266
CC_85614CA68432,0.04946175858299573
CC_856B92B23BB5,0.7973059682063446
CC_856DF4A30E13,0.6931587253548632
CC_858704DBD5A6,0.05859561389108767
CC_859EF0AAA74A,0.04261079287669243
CC_859FB710961E,0.1504081709556576
CC_85A0EB3C9884,0.5471465138455668
CC_85C887BB996A,0.11467685753917295
CC_85D9A6C9CA60,0.11976532741979207
CC_85DAF10E61A1,0.5539022564660784
CC_85DEF8ECB524,0.12291474022522902
CC_85E2E0B8B15F,0.6699060982971939
CC_85F018DC47FC,0.2693712034542409
CC_85F376B33951,0.2004943736256588
CC_85F745E1D307,0.125814773245064
CC_85FAFB430486,0.2590201657631285
CC_860D4B868C17,0.02479842110841923
CC_8614E30C9FCE,0.4826782009260846
CC_861F5DC22035,0.042808397841205215
CC_8624ABB391B1,0.21199703862856642
CC_862BAB422756,0.32828821510371137
CC_8642F98E5504,0.17689217633885387
CC_8655B8862C81,0.13185270295580073
CC_865FCEE75A8E,0.03453096791142924
CC_867372811CCD,0.4857536314075541
CC_867695B5C296,0.5279737144138956
CC_8682B1F914ED,0.12234605718867086
CC_8691DF144B92,0.45260679475986193
CC_86AD259FA5B1,0.19591881092708094
CC_86AEC21936BB,0.7160450329155039
CC_86B1D15F8424,0.049399443038864656
CC_86C2A6EC5712,0.7221174251622032
CC_86CF816B494B,0.07379375766530795
CC_86D4D58B1D0C,0.16243175783185085
CC_86E2C4E17CB6,0.04424050256244505
CC_86E9E191E3CA,0.3509111086304315
CC_87000C16C856,0.10363299362900047
CC_8703DD5FA02C,0.1984771297108393
CC_87065B1F429D,0.09044031034289184
CC_87434BBA1CE7,0.03702033514012958
CC_87450EA8CD55,0.6823124590074343
CC_87480F785786,0.0927581479875208
CC_8777EA6EBFD4,0.04917697131849718
CC_877A35E76904,0.09164734962435278
CC_877B37D01563,0.11781185969075997
CC_879759A5EFB8,0.32200660400136805
CC_8798AF2651BC,0.08189304614975433
CC_879989FB3B92,0.5660380454485316
CC_87A3BECEE5A4,0.1736276102510896
CC_87B7CDF4BDDE,0.03777704310079985
CC_87C13E620006,0.25178073367619075
CC_87E3AFB080F8,0.09684711304006766
CC_880044F77ACC,0.0890377106877584
CC_8809BCAC74A9,0.035395350167135894
CC_880E0019DB5D,0.030445990659715594
CC_880F027D886E,0.14322379936903598
CC_8812BC579F7D,0.06399073413204713
CC_88225FE57D82,0.2068207960324625
CC_88315318E9DA,0.34730369977659636
CC_883864E584A8,0.0860815137073022
CC_88469BAD58C4,0.05203101900923652
CC_8854EE679596,0.06457177255643462
CC_886273CC4072,0.08345187307486479
CC_8866B6D4524F,0.2585932013967846
CC_88A943606806,0.2794761627569448
CC_88E916A3F984,0.7975469224884607
CC_88FDC55C31A4,0.13920307457996653
CC_890D5EE59076,0.027805045134004013
CC_890F721517F2,0.10128304345637161
CC_89129D16418A,0.22962631891893692
CC_8917F02F9326,0.13504553367490577
CC_8920B6584A43,0.08275377710314087
CC_8929DF270419,0.6990321768629134
CC_892B119F0E5C,0.16183270944859238
CC_89302456B9D5,0.6573353513590122
CC_893FAA6D1F04,0.7576476695356814
CC_895AF697BFBB,0.2534591554633033
CC_8961FF892F79,0.027666534474866538
CC_897674493060,0.0648196932468637
CC_898AFCD28B03,0.14874417863885295
CC_898CC919D10F,0.20479111933518623
CC_89A711195EEB,0.12677755916915112
CC_89B4DF07DF12,0.08412174308514608
CC_89B941079E10,0.14115805243886922
CC_89B97E9FF67A,0.09086292471528934
CC_89C5162E8055,0.2255124296543063
CC_89CA0F1E2DBF,0.20819494713125594
CC_89DEE29A78AA,0.10994539252216694
CC_89E089707730,0.14295862047527166
CC_89F0B865A6D4,0.16684973195722377
CC_8A04C5D4D02D,0.06320817709855833
CC_8A081AA1FB92,0.3694200260513046
CC_8A0C640E7A89,0.5254060900247666
CC_8A12B68246A6,0.050662106115095334
CC_8A14A46B280C,0.1516093864830038
CC_8A165A18560F,0.27868296548350663
CC_8A19196788FA,0.05899875813369238
CC_8A25FA445037,0.1157712218222521
CC_8A29EA87B295,0.12115963606461538
CC_8A2AC87CB22A,0.04673089852267787
CC_8A34634E7423,0.5825635406914805
CC_8A38BC1AFE57,0.05669277988652891
CC_8A4CAF0CD0F3,0.10344495177208486
CC_8A5A0429CAB0,0.12056808681855073
CC_8A6E60FAE870,0.07660407352710494
CC_8A7DA054E397,0.691604469466049
CC_8A7F5FF4B421,0.2319902840228478
CC_8A8249A44847,0.13385030923515875
CC_8A8BCE16DF45,0.1128436326122661
CC_8A8EC764734B,0.07800852384846146
CC_8AB553BFA00A,0.09849719881230666
CC_8AB57DC077EE,0.6203530349452748
CC_8ABA5808D313,0.05112842165453868
CC_8ABDD9A05C87,0.35939931189868596
CC_8AC7520DBCCF,0.15992148654496238
CC_8AC7F8BABF28,0.06109578926746558
CC_8AD67FB3A5CC,0.7332085882461962
CC_8ADDCF5EDCC1,0.10536823295281589
CC_8AF1C3A0799E,0.7110275950565965
CC_8B388FAED0B6,0.12034081009608533
CC_8B46CA903D09,0.028378667172966193
CC_8B5819403FC8,0.7192524534742724
CC_8B581B8207A9,0.14529811167423315
CC_8B6DBEF19F46,0.13498170585074964
CC_8B8326C4C229,0.1405841972276122
CC_8B850FDCFC83,0.08894634787431348
CC_8B8F41F19B72,0.07423464408889079
CC_8BAF98C60957,0.14724688071995537
CC_8BB0824B181E,0.044703547725628436
CC_8BB963DAD9E2,0.13643946640374735
CC_8BBF5F939D7C,0.18277229211706592
CC_8BCBDCF4DFF1,0.07518207230545106
CC_8BCE343561CB,0.7534010888587924
CC_8BDA87361657,0.10038240377696812
CC_8BE68A4DB87C,0.06868613422826474
CC_8BE9BBD879A5,0.04747070105150399
CC_8BED85B91011,0.4008752522377
CC_8BF68E552DA2,0.17688316536982093
CC_8BF832E6464E,0.8192362182403885
CC_8C1561920E84,0.23578603517620708
CC_8C2A7D9A667A,0.16397837634371745
CC_8C3A5DFE70B9,0.2079461841120279
CC_8C534CCBDA4C,0.19976855971381732
CC_8C6472A3EEAB,0.055434587747917714
CC_8C6B4854D16C,0.24750236605336062
CC_8C76DE4F58D4,0.037563987373908925
CC_8C7DA3F4F88F,0.07267508849187522
CC_8C8527DE7DD7,0.08135478599232142
CC_8C9416612FDE,0.4630285907737408
CC_8C9973F02AD6,0.3218432884927014
CC_8CA1DB61A2AC,0.049995517210345695
CC_8CA59CAE22F6,0.21500814748114025
CC_8CAFD04A6EDD,0.10058426005579353
CC_8CCCC389913B,0.623205586519079
CC_8CCEF12DC7B9,0.20107128755127454
CC_8CDCD714BD1F,0.7699148855445589
CC_8CEC7987D1B1,0.09364671030458081
CC_8CF621ADAC0A,0.26113499020543146
CC_8CF8FE2A4B82,0.44593784947424386
CC_8D048396D9D5,0.0978704118059792
CC_8D1089C58563,0.48230146361447507
CC_8D35A37FC4B1,0.14191313334115693
CC_8D41E12FE5B6,0.1688034131961077
CC_8D4A859839EF,0.18288826724672988
CC_8D4AD431C55F,0.10192978697644807
CC_8D4D882CA579,0.10745197138232764
CC_8D6151025078,0.14346471796414761
CC_8D637233FE54,0.14657015642472856
CC_8D6AEBA2D7EC,0.07525501879450561
CC_8D6E16DED971,0.16921849801066027
CC_8D7329F79BBD,0.48656602762107165
CC_8D7B7307C43F,0.10191904659756669
CC_8D7B9D4936EC,0.7410262062050029
CC_8D80B1B44AE1,0.5682135099424683
CC_8D9516D61143,0.3983578851886181
CC_8DBB8445786A,0.11054839080327372
CC_8DC5B86D9DCC,0.7179967040918872
CC_8DC6465998DD,0.21614229812194433
CC_8DDD0EDA9CB2,0.1375290082719736
CC_8DDEF0265CB4,0.07092146704664215
CC_8DE06BEB95A1,0.08044181054373532
CC_8DEBB5B14A14,0.16236997265953176
CC_8DF5BE7F759C,0.051707363127613926
CC_8E0ADCC71F85,0.04618390188306074
CC_8E0BD86F6F0E,0.12269201790770688
CC_8E143BFCF3E5,0.10993923946058852
CC_8E170A60D71C,0.3565383866459868
CC_8E1C3A21FAEE,0.11868221266191999
CC_8E408E18F060,0.08923369226692313
CC_8E42FB163DA5,0.8127138607463725
CC_8E47536D29BE,0.19523716128500881
CC_8E50AFFC5BBD,0.04143380535221163
CC_8E5FB1035354,0.17396689898137604
CC_8E7B9B8DD1A3,0.11087052256230118
CC_8E85B08196AF,0.03903492787549218
CC_8E96FC75AE5A,0.09183522805904103
CC_8ECAB5A6C7B9,0.0787666587320194
CC_8ECC4C7A6638,0.49103780427598753
CC_8ED6F13C35F5,0.1611220298572553
CC_8EE5E9467038,0.14421141175311858
CC_8F037E5AE692,0.06490960470584038
CC_8F1A418D96B3,0.3257279188157177
CC_8F1C4014F91A,0.1408302282291837
CC_8F30A5FC9D49,0.07658810721615265
CC_8F3456F298F7,0.22181972321852092
CC_8F393D485C29,0.16125326211640956
CC_8F4A41130110,0.043263752437092455
CC_8F7AA6E4D486,0.11900246319857623
CC_8F887BE25314,0.1472228249809001
CC_8F90CD1A5E00,0.1786546074477564
CC_8F9B26042C4A,0.11586117727033239
CC_8FA9423E65C6,0.12061962552475357
CC_8FBA6C32E0A5,0.24572605050666188
CC_8FC1C50C41E7,0.0805489518939984
CC_8FD005425792,0.06119364670955183
CC_8FD6A223135B,0.11865388980445322
CC_9002450E1B5A,0.04356708989906141
CC_901CE62199C7,0.3436924503389687
CC_901D2136E1F9,0.15735204584334983
CC_902648F62345,0.14024737123357953
CC_902BF0612E70,0.1353264319438656
CC_9036F7423277,0.19535027460793483
CC_903AD2767BAE,0.672547562720626
CC_903E4BA690FA,0.2798695299898317
CC_904386E31210,0.050324286473125306
CC_904EA6C846F8,0.4674312437883956
CC_90549DD3CC39,0.12177733864541396
CC_905739E5494F,0.07718517841695283
CC_906F852C69D6,0.6496371323152393
CC_907911F4930A,0.24170579238901657
CC_90798A7273BD,0.13255755402005878
CC_907F3A8AFCFB,0.11317799320170441
CC_907FA7722881,0.11839201396877602
CC_90812D9F30FE,0.07713658849385491
CC_90870A89F310,0.04982511236613868
CC_90894CA021C3,0.645621645923439
CC_9092C5EBF5F6,0.06855964487173431
CC_90A10D649D9C,0.5974229706208395
CC_90BF8E127519,0.5835662784579748
CC_90DBB385A7F3,0.6891811267730469
CC_90EAD308012B,0.3061581596986695
CC_90F4BF0B868D,0.1390404472463868
CC_90FA39516EAF,0.07362304703572542
CC_9117894F31C2,0.1923548805653166
CC_911ED63BB556,0.30255356956330065
CC_912730AE6E8F,0.2720172198146347
CC_912CA7EE4C26,0.13115990521483187
CC_912DA46AAED2,0.08773310058372058
CC_9132E67EA479,0.183976235521906
CC_913D95FB31E0,0.17974563528333798
CC_91529F20D461,0.7511451351273278
CC_91586318C780,0.03602629843856945
CC_915F2708219D,0.16137805764180482
CC_916CCF9CBC08,0.034150028136137565
CC_916CF77A29CC,0.1003805518503275
CC_9189E4FF82C5,0.155593822752346
CC_91A27CB6139A,0.19563342981034373
CC_91B7A4A15A37,0.6587543233922514
CC_91C2077BA6D7,0.06190281080732248
CC_91C4CC43EEE5,0.1955205881497373
CC_91C55BE33AC7,0.06987362841807616
CC_91C81BC58B49,0.04409301324135476
CC_91DE12EE18A7,0.3475796237469814
CC_91DED13CDCD9,0.137013402174322
CC_91EF639761F8,0.1341181140756562
CC_91F23A7E743A,0.39550474444967465
CC_91F4C5E889C7,0.6839594268344319
CC_920E91EB28A7,0.19364954308255086
CC_921481F5F77E,0.12322173029718995
CC_92221DB27176,0.19704657004575796
CC_9224D5677C66,0.09231625672014643
CC_9230B9656F93,0.19813156622666225
CC_9231D0F8A993,0.6788258875001453
CC_923727159A8F,0.061080519977734136
CC_9248706729D9,0.04290414916185193
CC_924AEB5DD991,0.22423654002779847
CC_9250BA851692,0.3727168215133198
CC_925BACE3417D,0.08527532450319734
CC_9260CD0D7C0A,0.13310445693984554
CC_9285EB21B38A,0.08887199815057423
CC_92A09F03DAB5,0.8011202131216769
CC_92BC35D7F9CD,0.07128902320299697
CC_92C5FE9E5B12,0.6628252975018103
CC_92DC8CF8C902,0.10559871096637607
CC_92E006664648,0.2558411927805
CC_92E4EFB9F0DD,0.1405764734296656
CC_92E621E0298E,0.2036648527463405
CC_92F412AC7D22,0.06711174675715002
CC_92F42886B7E4,0.1776314986973485
CC_9301E23D376D,0.576446070682594
CC_931133320380,0.22568854405285688
CC_9314B6D8B7F2,0.08042884159314426
CC_9337E3B43211,0.2204157856530322
CC_933E044F26DB,0.06431791381533182
CC_934BB89938A3,0.0999001161493835
CC_935296A995DA,0.11582316268664443
CC_935326AF26E2,0.17148427782432665
CC_935B72B8E7F0,0.05074762808039036
CC_936FF3C9BE68,0.03786938820478659
CC_937FFE1718BC,0.03876163953377008
CC_939F92AEE460,0.8005703688451783
CC_93A4365B25CF,0.813141322816088
CC_93AB9D6A7EFA,0.07360909891918206
CC_93C719738590,0.8313646798706463
CC_93CB48930B37,0.2165097681602819
CC_93D24FAFD21D,0.10032280732328591
CC_93DB5F477493,0.12324293312788896
CC_93E1CAFAD44D,0.05949200339071959
CC_93EC9F853123,0.208228687129841
CC_93FEAF515A8E,0.05805156911301194
CC_94063A67F136,0.35641346631879595
CC_9406E32819F5,0.05651879823038617
CC_940971CBC1A4,0.17620557500846512
CC_940ADC8DEA3F,0.14110246069700438
CC_940C7E8E0C52,0.22616416390267594
CC_941DD2E1DE56,0.15221143708183843
CC_941FC1FD0D55,0.18425602426829035
CC_943B720DB5BB,0.12039673123634516
CC_9440309323A0,0.09533758212126614
CC_944B461BC558,0.0668331909072114
CC_9453654BACE9,0.22811742723618636
CC_945888CEAF10,0.3574974629233938
CC_9458D4A483A8,0.10505030063224031
CC_9464BA7E98B9,0.10412181159047872
CC_94794B478A5C,0.359251075509365
CC_947E58EFF90A,0.050248359652913355
CC_948537FC17AA,0.7964387544110125
CC_949576D25153,0.0667375168819566
CC_949B8CEAD619,0.08308987425426882
CC_94B4E05906A9,0.13012882626253205
CC_94C3B6F3B0CC,0.15423570456323918
CC_94C3D9D8FBF3,0.6445024538973404
CC_94CD530B2099,0.07946936813758278
CC_94E9D1E527E6,0.028623004933163
CC_950450C0845E,0.36177677745254594
CC_95169A4360C6,0.04392948003973109
CC_951A69571676,0.05441312951636268
CC_95232636844F,0.23501995791808317
CC_953A5913EDD3,0.17885471426389443
CC_953B678083F9,0.09954702151690563
CC_9541BD0604B6,0.18020840856004153
CC_954404C1BEE6,0.3810170092295228
CC_95444ED71872,0.08063473230999729
CC_9544B86C78A6,0.7052719318809543
CC_954AD7E7C8F1,0.17084098956826424
CC_95525CC6C854,0.16789508003230866
CC_95573B318A91,0.04466352626097358
CC_9569309DC18E,0.07186085866963167
CC_956A2DF28600,0.20684105652538745
CC_957C7A0D7B72,0.369656230134799
CC_958BECCA0BAB,0.4267866397510481
CC_95A6C4DA2F12,0.5834102601596092
CC_95AB75B5BBBB,0.1601822907678972
CC_95C1274DD7DF,0.02609682684743785
CC_95CD8F6A8CBA,0.03625526872712998
CC_95DD4DC604BD,0.14811613104163454
CC_95E1AC08266F,0.1110412670989369
CC_95E3DDCB74EF,0.05018940234323634
CC_9601384AC971,0.4280715018307238
CC_9608A73A8025,0.1718568838895035
CC_961F3BFBDDAC,0.8309393557162581
CC_96206C1277EB,0.3319549177654893
CC_96396AE6347C,0.1908700394085666
CC_96416D2A937F,0.20903225723581495
CC_964C2E0B00C1,0.16864133033284734
CC_9657A2A04BAF,0.22595333651991176
CC_9662D713B7BB,0.17906357286259655
CC_9664F83B7F1D,0.19937861655011482
CC_968AF836D0C4,0.04939750791370986
CC_96A6735A4317,0.07170194377188943
CC_96BC62A4A0AD,0.19191233287659745
CC_96CD75668A6C,0.056004399599932496
CC_96D928252719,0.3445242269199324
CC_96E40BDE9A6C,0.1519667554486547
CC_970116768415,0.25498089030888654
CC_970E94875C2B,0.7600317596921311
CC_9721C8A61D80,0.06851536474489021
CC_972313B0F814,0.17957958868377347
CC_972FD8FFFF63,0.6539500619444535
CC_97478A77EC17,0.17354695898773975
CC_974D14774BD8,0.06516461057543334
CC_974D86BD39FD,0.05304970087990036
CC_97508465AB76,0.10874176083704895
CC_975689C0CD6E,0.06335000450647914
CC_975967702106,0.0373816476007763
CC_975F3F07ED23,0.05709201674555605
CC_976E0D9A64ED,0.36876563103044985
CC_977145B2B363,0.3914779068312238
CC_9772CABFE1D2,0.7854299688678386
CC_9773C1E6AC8B,0.6538817479349316
CC_97832657396B,0.4277010287046464
CC_97963C337FD3,0.48400204131984864
CC_97978B581F20,0.18845360653861862
CC_97A9ECF23955,0.18502845856798333
CC_97ACD6D965F3,0.11270264992918529
CC_97C69AF6E34B,0.7349069247650261
CC_97D0E7256861,0.6468206030585849
CC_97DEBFBE2BDE,0.24430774460167345
CC_97ED469F2950,0.11989357663652765
CC_97EE84ABA6BF,0.24330563345323633
CC_9801B22BF375,0.09811994756246238
CC_9803B6D4D780,0.21858693501994333
CC_980E90C8A301,0.11257590557984931
CC_9814B3D08A69,0.08023646070741562
CC_9821BD45BB0D,0.17422990844032757
CC_9829FA0350F7,0.03793263013602199
CC_982CAA309A38,0.20732553638030304
CC_98346EBF382E,0.17413616175634897
CC_986698CCC6AA,0.14300727574181327
CC_988FC580CD50,0.11692518090124475
CC_989795BA3DD2,0.08139611623496
CC_9897A1DFE807,0.08441668900109761
CC_98A2C8F4E956,0.06778788835638061
CC_98A3E6CDC707,0.18194550629917525
CC_98CE15EE1565,0.06246094529578975
CC_98D036D16215,0.05021135035362482
CC_98D09B14EE3D,0.48876735150047096
CC_98DB782DF852,0.04694808980675183
CC_98E2EA67BC97,0.06890284931900736
CC_98E6E7CF74AF,0.10307324351491053
CC_98EEEB2A83DF,0.6436649911142861
CC_98F3D3194788,0.13993022631483754
CC_98F8A8CF4F9C,0.3315707651912228
CC_98F91BAB57EE,0.1356140805567712
CC_98FA377070FB,0.19504679059873328
CC_9900D0479959,0.34933109076133523
CC_99061A735C6D,0.24191835528611094
CC_99093EC1A2C2,0.14155250333918132
CC_99376CA4DC26,0.039293647655896546
CC_993A588895DA,0.13961764680842362
CC_993EE6417CED,0.0704188660782943
CC_99559319913F,0.04440503218483383
CC_9970123DCC41,0.277528818373247
CC_998BB6848FDE,0.1109510876927764
CC_99958287B2A9,0.4695455735856069
CC_999BAB2D16FA,0.3803816091452719
CC_999C7029261D,0.7185867730180334
CC_99AA61D1896E,0.07068699271540733
CC_99C03E7D99CE,0.05556114488037097
CC_99C62022794F,0.08141975388486895
CC_99D46BE6593A,0.13579717118433743
CC_99D5A5371B39,0.12766781924469137
CC_99D79709AD9F,0.7399836586974776
CC_99D7DDAA460A,0.12578222576979292
CC_99FC44B3C58A,0.13879286711102015
CC_9A02B2A17C07,0.0931745952160008
CC_9A05DE55D408,0.18711579289040078
CC_9A0C42AA09BD,0.4357321981223856
CC_9A2B390551F6,0.040001440448321296
CC_9A2D66206BD1,0.5029441550798297
CC_9A366E181FA0,0.1445395562664922
CC_9A39365FA850,0.6265277274406919
CC_9A42833BA860,0.03654108285380681
CC_9A4911A0140F,0.09017446023834824
CC_9A4FE1E8E0C5,0.33921924272396614
CC_9A51017C734F,0.3525733141995447
CC_9A5DCCD62D0A,0.326613299168667
CC_9A602F492510,0.17357132295033614
CC_9A66BDD34B89,0.03235019429269769
CC_9A6AB0AB1E67,0.04345682878750531
CC_9A7049ED5656,0.5984016122788695
CC_9A7AF31828E5,0.1080918587408221
CC_9AA750377C6F,0.08098203141151898
CC_9AB359C82202,0.05494986707515056
CC_9AB7BF77EE83,0.7553194331372052
CC_9ACAC8474B9F,0.026515785460361926
CC_9ACCA4FB9101,0.05864183046046817
CC_9AE1529AF9E0,0.14077818681319962
CC_9AEE181F1156,0.2685697200916311
CC_9AFD130D3725,0.08221594611700626
CC_9B09C3353732,0.08277598753799566
CC_9B0D37817EBB,0.08914253469700162
CC_9B290B59155F,0.44573959064376045
CC_9B2D487C64B0,0.08548407628436304
CC_9B3DEC76ABF7,0.058817309327127365
CC_9B4F778D0A6E,0.16398714540160123
CC_9B581A92C2A3,0.44649155506172084
CC_9B5CA8C38414,0.1754149778336722
CC_9B6E82167593,0.1869598462742206
CC_9B6F6B2BCC05,0.29601610323980004
CC_9B7FC3DA1594,0.3653741309946395
CC_9B957DC280F6,0.1860762498864368
CC_9B997DF20042,0.25618115774073624
CC_9B9BC4B83736,0.08018007627291963
CC_9BBE1A16C04A,0.15307341329568225
CC_9BC63F1A568C,0.26556789136976655
CC_9BCB0166227D,0.2732426516645763
CC_9BD3DC96ACC5,0.17509454839834915
CC_9BDC5A0E43C7,0.46116746063134095
CC_9BF9485A3F9D,0.25082400431863155
CC_9BFE93FF2145,0.2737924624468413
CC_9C0470A0536E,0.17715174888420157
CC_9C205AF09E47,0.4783446301442746
CC_9C30DC5C1E46,0.059528316403399846
CC_9C325B6CAD11,0.05092748404841115
CC_9C4A200D0BFB,0.38252748229746164
CC_9C5EAF238007,0.26659027393222706
CC_9C601C6BBD37,0.06846454822936128
CC_9C606C2C92CC,0.08796032606626582
CC_9C6192D3A16B,0.09027281516046602
CC_9C84FB9B1469,0.059692692966490025
CC_9C989433D637,0.2359793923739194
CC_9C9B2FEB4937,0.1429708560454298
CC_9CA7FBE1DD54,0.11721930635006672
CC_9CACA50F80F2,0.15925442038628432
CC_9CB40D552388,0.059983770716292316
CC_9CB8127D17F0,0.03262822340162814
CC_9CB9CE2989CF,0.69087166102723
CC_9CCE51CD83ED,0.8147567553085532
CC_9CDD2F3D0BE7,0.03790274688869288
CC_9CDEC693AA99,0.37994279757064714
CC_9CE9091AA9A9,0.23177691316693763
CC_9D007C60D29F,0.07398554814848991
CC_9D017774D4FC,0.6589413238781356
CC_9D095EC1F232,0.28509963139514277
CC_9D1A1281C8FB,0.31086178748042814
CC_9D23F42B7996,0.4640960909520855
CC_9D2FBC479646,0.6739898203171176
CC_9D363365CAFD,0.10698228533446219
CC_9D44E4543573,0.1402959222964489
CC_9D45F67E3B01,0.05027254589458194
CC_9D535DD207D2,0.0828884973252647
CC_9D53ED53A15A,0.5687973440380064
CC_9D5D97AEE98B,0.5237920473991698
CC_9D5F2A5B6913,0.06322000445764868
CC_9D6BC1C470B0,0.4835777023462904
CC_9D71FBDE765A,0.04052259824878235
CC_9D73939E357F,0.08864980009297607
CC_9D82F401BD88,0.5876062577640432
CC_9D8B4454BE84,0.23856554803888352
CC_9D92537645DB,0.05256055046810842
CC_9D95ADE03ED1,0.19028233471741818
CC_9D98FE7A1809,0.04584201549697644
CC_9D9D59757786,0.05973766818453279
CC_9DAEB38616AC,0.1336546292988634
CC_9DD55CC0E928,0.0279379081002214
CC_9DD6B460CDFB,0.28168972387433305
CC_9DD80B5E3729,0.10559782269181749
CC_9DD82B4310AC,0.3923245013987046
CC_9DD9389E8AE0,0.08763979584845492
CC_9DDA8ACEB3D8,0.07046197013883228
CC_9DDCD898D01D,0.12500855836232386
CC_9DDD90B42A27,0.7852178771144304
CC_9DF1807A4316,0.039226854067455214
CC_9DF786FD2620,0.537229995016597
CC_9DF7B9B3C8F8,0.09826981191339496
CC_9DFF6E2AC586,0.12846385441860797
CC_9E0546BD7BD6,0.12005395876396234
CC_9E0BE8227931,0.12930938226780817
CC_9E1A205BA261,0.4673702387372887
CC_9E2967559B00,0.05011097757201317
CC_9E323A031449,0.6910503986217762
CC_9E377CC03D51,0.04299402246490716
CC_9E3B83584C12,0.15882668631381516
CC_9E3D46FF5709,0.6097666119332912
CC_9E4FA91B86A9,0.06173512312391918
CC_9E53534DCD6B,0.1933832199824488
CC_9E73656FC8C0,0.6618317513169374
CC_9E7430675033,0.2120130434183691
CC_9E84CACDD7B6,0.4460203017756443
CC_9E84E0E4C5BE,0.30265312077330625
CC_9E9C65275B4C,0.08203931728776215
CC_9E9CB6473D59,0.1997455079456295
CC_9EA4F11BE6C2,0.17790313581648967
CC_9EBE3F26F2FB,0.06969932369086627
CC_9EC23AB6C573,0.29733928787740316
CC_9EC34DDD0E53,0.05394876036698019
CC_9ED8EDFE8C55,0.08150991600402675
CC_9EF352F179D2,0.05918143611680127
CC_9EF505400F8B,0.6406642873535482
CC_9EF66D83B743,0.28249545404652127
CC_9F051572BFE4,0.1950753532388233
CC_9F151A782BAC,0.22408841405005597
CC_9F1A5DF4619C,0.4370668705304912
CC_9F1BF78ECD7A,0.08783059917152558
CC_9F263092AD72,0.1534129299252718
CC_9F36EC36A9E6,0.08271754127299209
CC_9F3D52242888,0.14525272808928388
CC_9F41F312CDBB,0.3622687349526306
CC_9F425167F9ED,0.13320403305647668
CC_9F6981E0009A,0.3121690652887339
CC_9F706DFE0AE7,0.03591617142340866
CC_9F7B525DD52D,0.32796600811459586
CC_9F8D5A5A9DAC,0.15189688030636248
CC_9F8FAE57E6A8,0.12154549947383501
CC_9FD1AB8E65FE,0.051522281415745406
CC_9FD2689202D5,0.13853113185541555
CC_9FDBB5C2CD09,0.03311729517312034
CC_9FE52BD71CA2,0.12027486645120768
CC_9FE8E62EB24D,0.08074108436133752
CC_9FEA59AEA00C,0.22253609765435
CC_9FEA77B36A29,0.36878638627557536
CC_9FEE9701D16D,0.20603478198210623
CC_9FF35BA60E6E,0.26461122499320977
CC_A0003F08B22E,0.222795677569442
CC_A00AE2543224,0.047999301394551525
CC_A02A29DECDC6,0.11469476973234062
CC_A0336C21117C,0.6492277213368755
CC_A053B42BBE0B,0.07941038512475812
CC_A0591F16FA37,0.03036713650634584
CC_A05F962C80FF,0.15613191930943424
CC_A07B0549E53F,0.07479585502070214
CC_A09F230CCF5D,0.6678627515041993
CC_A0AED6346ECD,0.20552944651578084
CC_A0C4A796643F,0.135924927982822
CC_A0D6DDFB430F,0.05924640276923505
CC_A0DF672F9C4E,0.147602938055125
CC_A0E8C7C5558A,0.2145219169332813
CC_A0E9269DF22C,0.5488284656339449
CC_A0F1DB5CB28C,0.09160535089310463
CC_A0F42B26F8F0,0.05595207782419805
CC_A0F8F80EDFB0,0.06416405308094665
CC_A10AD9550E4D,0.03608781173699106
CC_A10EB26E5EE1,0.15218644572229673
CC_A111B065F623,0.07484939519257204
CC_A113D95B4AB2,0.14366942284272863
CC_A1320C0F0129,0.7081532876790732
CC_A1348D850EFD,0.7608932870738636
CC_A13D08B372E8,0.05496143975211715
CC_A143E64BD9D6,0.3659545285514954
CC_A14B0A24DC3C,0.1033961156359527
CC_A15137F25F7C,0.07286975746450636
CC_A152DBEC5BE7,0.05532692822621956
CC_A1591CFF6D81,0.05016187130708228
CC_A168CCB582C6,0.29172840977155934
CC_A17DC38133CE,0.788797851923607
CC_A185D5EA3DE8,0.5777708221804557
CC_A19C842508E0,0.12292344381135707
CC_A1B648DA406D,0.027186931230720374
CC_A1BF7028CAA8,0.024516814191169134
CC_A1D035FA36E1,0.07254309649855475
CC_A1DD653D41A7,0.12668327843107688
CC_A1E3AD4B934C,0.25447757928678255
CC_A1E58421CE87,0.05072178645587206
CC_A219144EDEFE,0.05302283089951985
CC_A21FCEEBB3C3,0.45060863616523905
CC_A220E4278D79,0.04201488770751719
CC_A2231BDC961C,0.23740280484253273
CC_A234E219EFC7,0.3294877451017367
CC_A239B1BD81FF,0.0765472623765498
CC_A23D8CFFA31F,0.07492818140496282
CC_A23F463F4B4D,0.05097123304681098
CC_A23FFDC4A7A4,0.08572894538270126
CC_A2423E273F84,0.09800967430090245
CC_A2493E6036AD,0.276485246862818
CC_A25C54470CED,0.10923212392171992
CC_A25FA690BBBC,0.13366196197395885
CC_A2636CF7C075,0.10159705363247042
CC_A26C22870E3D,0.44528777108892753
CC_A26F6A272B3F,0.11553474981030316
CC_A27CDC9BCBAA,0.19658294304321192
CC_A27E5269DA60,0.16806190758692388
CC_A28D4A46B6FA,0.10775711488962221
CC_A28EB319030E,0.044482583878855
CC_A294D3A59462,0.77480008674237
CC_A29D8034C304,0.0720865603563722
CC_A2A109409963,0.05094731923510563
CC_A2A4FA5F9962,0.1286115061823907
CC_A2A7E30C59D0,0.14079195880421455
CC_A2B5D2D4E269,0.5091312448034168
CC_A2BB24180208,0.23525405020269652
CC_A2CF1DFEFE46,0.44908411691048156
CC_A2D6090EA5B8,0.14363839428547767
CC_A300BC40BC9D,0.034385298317759466
CC_A3212501F639,0.2023458217379016
CC_A3278A566572,0.057822012693013534
CC_A327EBE4F783,0.19603594880418174
CC_A32FB6659B01,0.062269638119473086
CC_A33915EE72B6,0.1484947263006692
CC_A33D350BE79E,0.16382308790297018
CC_A3553B8AA8F6,0.13746471664333085
CC_A36EB077BF3C,0.02753874705058199
CC_A3753EB66DEC,0.10763302698426251
CC_A378342AC9BB,0.15742963273105162
CC_A379E9455C60,0.16162447290269003
CC_A387ADBD7249,0.10688897011333419
CC_A39E961FC29F,0.18273783041068928
CC_A39FA1EF0B16,0.245505461199199
CC_A3A4E39FB04D,0.18965259053269903
CC_A3A751BE68D2,0.03802532930436974
CC_A3ABB3C5E9D5,0.6995726375595877
CC_A3AF9C2C68F1,0.19798093636441083
CC_A3BEA14873AD,0.12481811106148132
CC_A3C2FEE13C37,0.1107739018672624
CC_A3D6435D5F17,0.14233973649026063
CC_A3E3E51AD0E7,0.04507369726104379
CC_A40566694D53,0.2320994247001973
CC_A410C0DC7125,0.03794448656564319
CC_A42168D2B94B,0.08516778706953516
CC_A43CED9AFEF5,0.3694095940677818
CC_A4475A788D13,0.13218790110515186
CC_A44D677C0C07,0.04093696432299299
CC_A44E2673E71E,0.04422767147618686
CC_A44E79A96425,0.23681713484767494
CC_A462CA147DB9,0.11179817810832297
CC_A4660E424386,0.21338761664593622
CC_A476C9F116F6,0.15192198992248734
CC_A47C83B6EE2B,0.14743407803227956
CC_A47F8594678C,0.22497849531146638
CC_A48A7592F96A,0.05011494644021198
CC_A49195E659EE,0.05743907265279307
CC_A498A936AD21,0.08435264650431797
CC_A4BE6692361C,0.6088359369756101
CC_A4BF2115580C,0.07228449090411063
CC_A4CACCD14A0E,0.12409281947742716
CC_A4CE57A1AB74,0.07895571142042294
CC_A4DE4F1B5F93,0.1934476966987244
CC_A4E300558DAB,0.05629461248240181
CC_A4E972915D89,0.7486336550421413
CC_A4EEA04CF3D0,0.2322679501936188
CC_A4F400E9A0ED,0.05553846226037771
CC_A4F550D7F95B,0.19404316786510623
CC_A4FB91B1BF31,0.19839964838854396
CC_A500C1ED0A33,0.1929863333105917
CC_A50471962A96,0.6856388194101203
CC_A5161D8AA57D,0.1296301328147878
CC_A519C84307D2,0.08008300620533068
CC_A5277A9BE02B,0.7022784901647929
CC_A53578FCEA71,0.14675333103255492
CC_A54EAD1CCE27,0.14679048260088026
CC_A5512DA239BF,0.15876393415874077
CC_A5545DF298BE,0.05515488393030856
CC_A556EEF3010C,0.4829145649605547
CC_A56756C65136,0.32052160882775044
CC_A5852E06D2D5,0.32304369920318954
CC_A5886994671C,0.19866686055497465
CC_A594D8B41A99,0.04829564733122599
CC_A59C6A6B71C3,0.06234785485579605
CC_A5A06987AF5C,0.16497071210935343
CC_A5A1512FEEFD,0.19687003699865477
CC_A5ACE4284283,0.14837093536824444
CC_A5B10F07BCD5,0.09855637088875326
CC_A5BC9ACDB4CD,0.06328328362830692
CC_A5BF8B260922,0.5039359990250453
CC_A5C52379AE06,0.309595298159458
CC_A5DD4441568D,0.030907967302056777
CC_A5FE3BE2949D,0.05909771870932989
CC_A60EF94F09C4,0.33978601737591524
CC_A628BE74CB45,0.17403637420440884
CC_A6292E9B43AD,0.06393663151745381
CC_A638610BF8F8,0.10697601659119205
CC_A63BBA86CE9A,0.3495013587172298
CC_A63BDDAC43CB,0.061197629823544764
CC_A6409E37A735,0.13245702638961585
CC_A655EC341406,0.13979973084823016
CC_A6562E47BFC7,0.2113932793147403
CC_A6563A22D668,0.6809682648322045
CC_A6601278C1BD,0.08480776885505352
CC_A683678AC9FC,0.34385489401762975
CC_A6864FE80A94,0.0950193874833929
CC_A69117CC3C24,0.10468262550014419
CC_A69928C7D217,0.2535176643838436
CC_A6A8BAF7124A,0.3010146843288968
CC_A6B7DFC69AAE,0.5233845271043954
CC_A6BB595B55AA,0.06565922975405813
CC_A6C5284C4586,0.1212379259210351
CC_A6CB0D0191D3,0.10677212010910773
CC_A6FA3FA9F0FB,0.1133438220604645
CC_A6FDADD23BD7,0.03563006199350637
CC_A6FE3938F001,0.21609509805231364
CC_A71DB65F0BBA,0.6402350105141713
CC_A730F4964FD4,0.11615489431174698
CC_A73C02C58DDA,0.11269859733148486
CC_A746BC2289C7,0.24247465033206153
CC_A766C3608214,0.10670675042800187
CC_A76F48111A8D,0.12124645103454706
CC_A77AEC8AD2D1,0.02766381079918286
CC_A781174166B3,0.19987797510550323
CC_A79024286DFF,0.06841490900912324
CC_A792720B875E,0.09303315513655576
CC_A7952C2BC5B6,0.08051622435606624
CC_A7954EE1A1C4,0.045648330039647245
CC_A7991E6B3CAD,0.19909004707826553
CC_A7B141DF4AAF,0.06162110745803868
CC_A7BE2CED0B93,0.053027132781574386
CC_A7CF446093DD,0.24063176749905094
CC_A7D1C6692090,0.08630175637748604
CC_A7D6CAB54328,0.4635124068297993
CC_A7D8D1DA4EA6,0.10983688110379371
CC_A8102BA6933F,0.06703234341508627
CC_A81C1EDC5FE0,0.059693833074041545
CC_A82C0FDDC303,0.32012345764838307
CC_A83F92C0CABC,0.151868389650153
CC_A849B0F60EEC,0.06310588006377553
CC_A852AAB180D7,0.03723079787072302
CC_A8536626873D,0.1485285163767111
CC_A85F953FFD40,0.3237738425974106
CC_A865A3F1E28A,0.7312491179607478
CC_A867253FC73C,0.6562771574097003
CC_A877592FE1AF,0.04315735599428599
CC_A8AE26057851,0.15929900278309106
CC_A8D50530622B,0.18539537907163928
CC_A8D5C834B061,0.7668867486076553
CC_A8DF49EED27D,0.7961405543481607
CC_A8FB53A944AA,0.0938788636395073
CC_A8FF19BCFB18,0.15856785917577354
CC_A9042AA97760,0.0748108072135848
CC_A917D68B7F33,0.05145700184259331
CC_A925B3023F01,0.1567393482608643
CC_A93A49678A0E,0.6894396324323843
CC_A944C14551E0,0.12622125459366412
CC_A949A4D6CFDF,0.03209711636891648
CC_A96085AAACBB,0.5160581855006403
CC_A968E7B519AC,0.5860763806313254
CC_A96F61DA3920,0.2622439784293711
CC_A98AA461487F,0.04819327568411371
CC_A98DE37F48B1,0.03326464610119636
CC_A99526CAE7B8,0.07927558135603723
CC_A9997F50D935,0.11547151146329755
CC_A99C3B09B728,0.05306081806751678
CC_A9A0DADE60F5,0.34741004175871626
CC_A9E27E0F8BF7,0.11410353256554756
CC_AA06B8C44B08,0.49955464482577794
CC_AA078692F54D,0.05136829325665412
CC_AA3181148667,0.13945668888283083
CC_AA36C8AD0AD4,0.11988264384866958
CC_AA36F0397FF6,0.06469910094346096
CC_AA3A8989A632,0.6929727509359297
CC_AA4A1B7522D9,0.07468022839140355
CC_AA4AE0378324,0.2390485224719333
CC_AA5E4D5A692F,0.14418568007070126
CC_AA68EABEE4B1,0.07366146349791679
CC_AA6B5A7A5B67,0.10711288390726849
CC_AA6BD423C239,0.4205489301772265
CC_AA7074B42A4C,0.4976930513784459
CC_AA7A7F3159DC,0.09935582263453596
CC_AA7BDEB972E4,0.15181504387984343
CC_AA83426311A1,0.06579904180926545
CC_AA8F7D307212,0.14471625661403653
CC_AA994120654B,0.07389504127341374
CC_AA99CC1D0A77,0.09781844713381088
CC_AA9DF917E958,0.15123017346777923
CC_AA9FC6678135,0.33436110331605334
CC_AAA47EC0D4CE,0.07288464611259192
CC_AAD9F600283C,0.11694620443028014
CC_AADF003A3927,0.058773086475619775
CC_AAECFE806C8D,0.17061730499229166
CC_AAF2022B9CD1,0.2086446927727993
CC_AAF445E4CCF4,0.077143952570561
CC_AAFDCAA5CA06,0.6444471746437213
CC_AB0384E131D8,0.21382401709391063
CC_AB0A4F4A2968,0.15058560452995076
CC_AB108580856A,0.08862929720590339
CC_AB10FED15FC0,0.8175957956819935
CC_AB176233A184,0.07712782104037537
CC_AB250982887C,0.11730824055757279
CC_AB25C565EA6F,0.05238354513997066
CC_AB31BDAE74E0,0.19091583994365594
CC_AB38A76F5698,0.37648681711671733
CC_AB38F588BDD4,0.21752591292548942
CC_AB3DB55C9A2E,0.15558728192542992
CC_AB42A7DA8FAE,0.18716456592409655
CC_AB486E8855F7,0.11741824172383536
CC_AB4A79BF0F21,0.034322257108354785
CC_AB7472FE1C8B,0.052702948489089546
CC_AB78F64D1DA0,0.15667303086557643
CC_AB821E2FB031,0.05226194075308888
CC_AB873276D910,0.0607380980154884
CC_AB8CF3C05B61,0.12067755505451687
CC_AB8DD8448ABE,0.34363068038901917
CC_AB953366A38C,0.08470770676528482
CC_ABB193697B23,0.554107503632494
CC_ABB3F0A040BD,0.1252559265554045
CC_ABB618AD3E52,0.22044365881956707
CC_ABC0DA7DAFA5,0.04365839696099816
CC_ABC49E43DF40,0.6302065958833624
CC_ABD89F61734F,0.11985892202629722
CC_ABE04CDC2866,0.5419768561229755
CC_ABE98746DB91,0.4984922296579983
CC_ABFDF22BBD97,0.05333767567512688
CC_AC0498A54CAD,0.1890191798368589
CC_AC1C23EA2767,0.2889082392454336
CC_AC1E028B2A1A,0.0870857156192718
CC_AC255B902EEB,0.12787364840586316
CC_AC44A88F7869,0.06862685924579591
CC_AC51CBCACA63,0.12259535550987916
CC_AC723E5F5EFA,0.036837233903301736
CC_AC7994A5FDC4,0.1438126258572633
CC_AC7EFDBCF2E8,0.6962580700300814
CC_AC8A45716CD8,0.14174299712835275
CC_AC8FB78319A0,0.037123708368385765
CC_AC95C517E726,0.10048171038090088
CC_ACA4C6C9316D,0.05308177665779751
CC_ACAD97A186F4,0.0801180518737694
CC_ACC12168D6A9,0.15493329279576687
CC_ACC53294D3A0,0.10847279837499758
CC_ACC6A74A8BEC,0.06799327263911414
CC_ACD94D2B1200,0.0638963516527561
CC_ACD988315902,0.03909826061169249
CC_ACDA59536C9B,0.09148809215417397
CC_ACE5A4081F6E,0.2109277166834175
CC_ACF4F9A2CCFC,0.17954749186356808
CC_AD0D7D212968,0.3153149942113353
CC_AD131D09EB0F,0.11887843856712887
CC_AD13C87CF26E,0.15140326034527657
CC_AD2050A0C79D,0.19602019107683477
CC_AD276D71D3A7,0.30250279297222005
CC_AD2C54521FE4,0.20277602479456433
CC_AD2E59624FEC,0.3860615079583633
CC_AD3A36AF2840,0.24960865827899922
CC_AD3D286D0B68,0.21249015447085406
CC_AD46818E459F,0.62977659795052
CC_AD4BB2E22EA9,0.18954986126951903
CC_AD4F7F88242F,0.3357668223614532
CC_AD58ADCD54CE,0.6773368051380643
CC_AD71619FA389,0.10762937343660112
CC_AD84592B950B,0.07098424577669231
CC_AD9898C0E8D2,0.15538265981899987
CC_ADC70A21D661,0.26934150753786706
CC_ADCF16189AF2,0.2405780419768141
CC_ADD894E6E4F4,0.3067957107534927
CC_ADE899835555,0.10202732275204901
CC_AE0D73A1EE19,0.34845217770640535
CC_AE0F08EA3935,0.20828423190069908
CC_AE23B59E6FC8,0.31664935279834894
CC_AE289E013D60,0.09570579122194191
CC_AE34D3F7F224,0.709183561912296
CC_AE4069D8B4F6,0.20035721309066723
CC_AE4896E2BE76,0.6803099165319767
CC_AE51DCFE0671,0.09301809191917187
CC_AE69FEA8DA68,0.17302288322518597
CC_AE7C129CC90F,0.17516677593175803
CC_AE7CD49F20AB,0.15900024667463436
CC_AE89526E0335,0.18917142240351026
CC_AE8D62CF30C0,0.1544973745055574
CC_AE8D9CE8D6FE,0.03256431181328069
CC_AEB019CB9065,0.20527333676720586
CC_AED1D50AF584,0.08072820674447756
CC_AEE546316FB0,0.21041216381540517
CC_AEE5FA00FA6C,0.38270476928499336
CC_AEEC765D157B,0.045437445463241764
CC_AEEE44D6C8A4,0.025568391720223616
CC_AF14FF3EF570,0.30838603423444333
CC_AF1C3ACBA6B2,0.13877624075067374
CC_AF1E911C98B6,0.3001221498826986
CC_AF337F410520,0.0883229865577479
CC_AF3C7BC3BA40,0.11143826320891487
CC_AF41E4075C87,0.2732963004204086
CC_AF6B4405276D,0.7099958671249741
CC_AF78FE0BDBEE,0.07975991582047269
CC_AF8238D9082F,0.04631037721125181
CC_AF8CA6EE53C3,0.05587498728965073
CC_AF9AFA7C49A8,0.10299596922224918
CC_AFA1E3D3C685,0.1301350506104447
CC_AFA680030CB4,0.5574556470209732
CC_AFB351270B8B,0.039789609547626885
CC_AFC405AE0029,0.08047843050181688
CC_AFF90422E4FC,0.4101746098409651
CC_AFFBE2744B87,0.7453724174798709
CC_B0043CA53FCE,0.08372789042838823
CC_B01B2BD4EFD7,0.26899217533112657
CC_B01E87EB9940,0.12828203423890527
CC_B0273E66E2A5,0.13912636166054745
CC_B03E98085A9F,0.06257059964855528
CC_B0420D8C42DC,0.4248959100114446
CC_B0497BEB9F6B,0.16292401162693873
CC_B04A5E60B69D,0.06327028047813486
CC_B04D5517A193,0.12528933016804586
CC_B05FF3A960A0,0.2591439522683655
CC_B06A532EC131,0.19006875322738526
CC_B06D33A6761F,0.18310237966875
CC_B074D4472CE4,0.040196841859815285
CC_B07CE95BCD88,0.3363537450522673
CC_B07D79368225,0.12332416630912113
CC_B07DD1ABABCE,0.7344713146507861
CC_B086C2D77820,0.20937740081750314
CC_B088DE9C9E3B,0.2741863450103231
CC_B0CD7932067B,0.10948219208160449
CC_B0CF90073A5E,0.6114506752052021
CC_B0D397D86639,0.6296807083347177
CC_B0EF4FD19FEA,0.1136842858297225
CC_B0F2F9514AA3,0.08635763766688907
CC_B0F3B79F51C8,0.18318447247062086
CC_B0F4041B1C76,0.0321583711914731
CC_B10FE31C61D5,0.08766941670246381
CC_B114E8F19D65,0.12387672154017663
CC_B117F0E3CAAE,0.15932342505714214
CC_B11D58F331A9,0.036888608910213186
CC_B1262188BC41,0.09032423643520938
CC_B12FFB2FF21F,0.08256600107952711
CC_B13253F34A9F,0.0424255718626243
CC_B137E2BBB53B,0.07574904134559882
CC_B13FEA7CDB99,0.07014718490002071
CC_B1481ED21111,0.037230706476751196
CC_B15BE5C9976A,0.23898071302068735
CC_B15EB6933578,0.07781255733846675
CC_B163CCB3BE4D,0.11690104783379435
CC_B16DC354FD71,0.36997079337845534
CC_B1777349EB15,0.14026698461386125
CC_B17C6CE0231F,0.27429185557536045
CC_B17CA8C22E5C,0.12998694660623147
CC_B18F3C9C30E4,0.24373937069467955
CC_B19CD93DDC96,0.09029798156218244
CC_B1A647674B84,0.09405761916002486
CC_B1AEC2E5E33B,0.2701524279998945
CC_B1B5C81AC0A6,0.053980833892675086
CC_B1B932EFD646,0.1496007768822509
CC_B1C3C0B52B88,0.2623163401702374
CC_B1C7216344F3,0.0733314679809538
CC_B1C982DBBD12,0.309961758019291
CC_B1D81F8197B3,0.31232522872364055
CC_B1DF1DCBDC7E,0.5099154297040627
CC_B1E2C36607CB,0.07499984869537284
CC_B21351C93D8C,0.1301106982547621
CC_B2174860AB11,0.7391052677846585
CC_B235818E6A04,0.17909980080535512
CC_B23CDE30F00B,0.08035914558781658
CC_B23DE4971DF0,0.4143392715866194
CC_B23ECF574D8E,0.06854511280803767
CC_B24C41DDFBDA,0.24946482036982687
CC_B25EC73B9510,0.13986486856809302
CC_B25F69904D0F,0.09064724233801152
CC_B25FB6C11D05,0.712522555898107
CC_B264F2B92259,0.5590474666077574
CC_B26B8FC23F1B,0.050658211379365777
CC_B272E29922B5,0.11458641831783971
CC_B27AA8E27BE7,0.111837883696487
CC_B2A68FD3C236,0.0934181332719104
CC_B2AC50C00979,0.09319354175815274
CC_B2B16D7B821C,0.20868175149772197
CC_B2B32F1511E4,0.15089965143289655
CC_B2C241A93527,0.08152822385987374
CC_B2CB104FED6B,0.5745130587376174
CC_B2D352013F92,0.1468617556874612
CC_B2DF694BAB08,0.10323352342522334
CC_B2E993A9343F,0.21052673501597208
CC_B2EF61C93AB6,0.13413992163001223
CC_B2F94405EA89,0.11996014033658164
CC_B2FC07BF6251,0.04987619812858185
CC_B301A65B4164,0.09573003513584098
CC_B313E3A208A2,0.20082191800116364
CC_B318FF5D976D,0.15109538560100327
CC_B32AEF0A2299,0.04805778084675249
CC_B33BD3C618EA,0.08648132045485092
CC_B348627365A2,0.13155161842064286
CC_B35109450BDD,0.04272647376586556
CC_B3528B870544,0.09799104777881562
CC_B3530E7CF8F5,0.10493710435059615
CC_B35C5B1DB9C1,0.06794663462124978
CC_B35FF59389D4,0.20604719201737773
CC_B3812C6700F2,0.6272858858669746
CC_B38280B483B8,0.14500113209320728
CC_B38B694A18EF,0.41225364826690186
CC_B392BDECD913,0.3381066960129733
CC_B398DF1ABAD4,0.03801234388580468
CC_B39E75E151A1,0.08694955562102079
CC_B39FD0E249E8,0.05023676150184442
CC_B3AA0891CA5E,0.37655747319500493
CC_B3B1C8EBE5C1,0.1106470957914411
CC_B3BBA28E2D39,0.5188368672790212
CC_B3C4DB0303A7,0.10497929729115218
CC_B3D32FE823B2,0.030310271855120068
CC_B3DA429C6C8F,0.08344563188678333
CC_B3DC5786AB0F,0.22036630725229833
CC_B3EA537531A3,0.16595051976635175
CC_B4096D3A38CE,0.03805433660817274
CC_B41EADCCC95F,0.056086779824121365
CC_B421940B9A48,0.6616341920836656
CC_B42B3B83935C,0.8153000191513557
CC_B436B1CA6B2F,0.06813246104829945
CC_B439B06AF274,0.2731276600722259
CC_B4482E7879F4,0.07064344105057029
CC_B4660022C612,0.1212391964661428
CC_B46B899B4A63,0.1401358929898878
CC_B470280A580D,0.11121804191388894
CC_B471D3BF0C72,0.4720261712643927
CC_B4751DEE43CD,0.188522073988148
CC_B482C254BAA5,0.04749750000651307
CC_B4889D036D3C,0.7160819851436727
CC_B4950F811C90,0.1622076228244957
CC_B49A6DE7A340,0.29534456901518114
CC_B49CD4C13DE8,0.34295267393065787
CC_B4A90370CA96,0.4454148852902505
CC_B4ADE6BC8A10,0.6924801647391909
CC_B4B6F805888C,0.031028699732570875
CC_B4B8F66BF4ED,0.6650905764927534
CC_B4C6F80DEE44,0.038040565245322004
CC_B4CCE78C09EE,0.1251274845088079
CC_B4D68D1C1C55,0.18043566320059493
CC_B4DAED63089A,0.1323825694876609
CC_B4DD9841E6FD,0.20882397331965555
CC_B4EF6743DDCF,0.06913032731530373
CC_B4F67F73D097,0.09036224460835339
CC_B50EB15EBA18,0.10184718365062713
CC_B51DCAAF4549,0.1625594326578956
CC_B51DFF8702D0,0.47931490974674135
CC_B520A001BF69,0.09739362135876319
CC_B529919BF24E,0.6741599370813557
CC_B542342650A1,0.0752481354119835
CC_B54A106E91E4,0.03466485687242551
CC_B54CFFC21F2B,0.12337900768245648
CC_B55C134C04A5,0.19299930240358398
CC_B55C2DBF6D3C,0.1977294303165058
CC_B569705352B4,0.11016903120375697
CC_B56E74A967C3,0.03753655945677298
CC_B57519F33EEF,0.047190003122858405
CC_B582E4405D85,0.08493508719332656
CC_B585A11F7BA7,0.14378136894134727
CC_B59726D36AEF,0.22362175398589382
CC_B5995E4F1A21,0.14044388608837885
CC_B5AC2AAF871B,0.7561041224741908
CC_B5AD19125E1B,0.21937910342550096
CC_B5B1E42858AC,0.0631122198259109
CC_B5B7599E8BC6,0.058207837583439
CC_B5CAE0595637,0.17195229813291288
CC_B5D49843A799,0.3535064875651072
CC_B5DDFC7AEE78,0.08209525563628628
CC_B5E29344F63C,0.19501953402671365
CC_B5EE5AE6378A,0.5119107872624521
CC_B5F2A93AD996,0.07904399158569692
CC_B5F611613A78,0.07541275273676233
CC_B6055039255A,0.7731333765891772
CC_B607B2B0AFB7,0.04346570172359368
CC_B60CFD0F39F9,0.07501413550907535
CC_B620087B1C52,0.4334579443011736
CC_B6203BBBD151,0.10090712414085418
CC_B622662E664A,0.14605101045679425
CC_B62C9A2BC846,0.1795041689730638
CC_B636210548E5,0.34804721924867144
CC_B642C6714501,0.06484704747431644
CC_B64F81B8A263,0.1509704757507517
CC_B65CA581B9BD,0.12237192857270728
CC_B65D1B9B6F67,0.1037037234613339
CC_B661A8FCA431,0.05177145550960619
CC_B66AC40957D6,0.14495048573136873
CC_B672B35D1162,0.7125865390667503
CC_B68379D197F6,0.08763864787158278
CC_B6923D10FDA2,0.1372737657780432
CC_B69CC776BBE6,0.2190693390163124
CC_B69E50D76B29,0.09465851969357879
CC_B69EAA8C296F,0.26522621502210286
CC_B69F7CB8CDA0,0.07473993118510286
CC_B6B4AD157354,0.14032454332096364
CC_B6BD764CB8B9,0.2009264695151156
CC_B6BEC3F4BE91,0.15374192108288934
CC_B6C13F4A610D,0.29853066167321235
CC_B6C1C3B5766B,0.10912291481696046
CC_B6C72241926C,0.13916156626747808
CC_B6CB40E245D7,0.6330616692119911
CC_B6EE58A108C5,0.06429999950617755
CC_B706F631F5BA,0.04150306800641378
CC_B71DC1206985,0.16040437459707454
CC_B72284CED807,0.19516637340710405
CC_B727865A5B5F,0.6562548296130151
CC_B72FD7EFA6BD,0.18933348167644196
CC_B7365B5A3392,0.7719183982533125
CC_B73820D308C9,0.13322591549498167
CC_B743560D847F,0.07376998897485049
CC_B76EF26F7C9A,0.36034838151670306
CC_B7764FC130E8,0.45577070342263853
CC_B77B73B95532,0.16693331227623553
CC_B77D6653C7D4,0.0384059912517914
CC_B77DA6B77DEB,0.26512640569558293
CC_B783AE19622D,0.15849922049787138
CC_B78761738CAF,0.025962324560779168
CC_B787BA135B5D,0.3256143233917366
CC_B78B4449EA19,0.11249641857816979
CC_B78B4B7F80B5,0.26620768635250197
CC_B78BEE888CA6,0.11412804149189322
CC_B791FEE1CF37,0.03214219782134232
CC_B79A58AA4441,0.08560792756544067
CC_B79BEC538198,0.12491435793093723
CC_B79DD53178D3,0.07239876529163489
CC_B7A7EFD85149,0.1764052062567649
CC_B7B5F2A15C41,0.09835295827517976
CC_B7BC46A7D4DF,0.07842662421755327
CC_B7CBC65D9AF9,0.4776299541841049
CC_B7D40C5C891F,0.09514519345809862
CC_B7D4337C4797,0.33159799828147724
CC_B7DA04826165,0.35024135200570045
CC_B7DC19DA1440,0.12589278307315613
CC_B829EC622F0D,0.5455356870430641
CC_B82B9C0C7B85,0.641638908617803
CC_B82C55DEE5E6,0.2696340857325416
CC_B8475B977AD2,0.74542957057237
CC_B84BD2F4EB01,0.2423134519389185
CC_B86DA7D69F20,0.047596363546328714
CC_B87989F406EB,0.19808612788194588
CC_B88B702183E7,0.03434924499256541
CC_B89B80945ADE,0.2126547398560439
CC_B8A3A44BFE8A,0.46323481520981596
CC_B8A7A6548AE6,0.15907724918035046
CC_B8A8FB83065B,0.1635689403562586
CC_B8AAC20D626E,0.17920728588423498
CC_B8AC99873641,0.06265553636112446
CC_B8C9673B7834,0.11229904533691552
CC_B8D5FEB15CC8,0.07872165122424644
CC_B8DA64A33076,0.5470545127792116
CC_B8E912A01706,0.6467315731229464
CC_B90869280808,0.13219993636128696
CC_B908EC99951B,0.30540007243350176
CC_B90CBF2A6775,0.05220857777627508
CC_B91080C1ADA5,0.3034322756716628
CC_B918FB42AFD2,0.1855372386931572
CC_B92CA425080F,0.10778304161689839
CC_B937F632B71D,0.18925561785929246
CC_B94477C20476,0.4287301213373416
CC_B9483A5C922C,0.12663285695520968
CC_B954EC1C63B5,0.2833567924773876
CC_B95580F93537,0.04420962744641029
CC_B96086044329,0.08855729712972349
CC_B96EB0A91589,0.20907680190665953
CC_B98357C70A41,0.6377823397849846
CC_B9929A66C2FD,0.635362260673075
CC_B9BB52E4C529,0.12111876688962953
CC_B9BD45744855,0.7866665680322075
CC_B9BFDE4662AE,0.09547080826780709
CC_B9CEAF324145,0.034340183155036084
CC_B9E89F42B509,0.20927121360212528
CC_B9E8A3887223,0.22633629161440375
CC_B9FC67268C45,0.21963953725150157
CC_B9FE9DFEB3DC,0.10005817627119033
CC_BA041E14DD98,0.07253847757348635
CC_BA0619F54427,0.11987617401596407
CC_BA15072C4EC2,0.3183337851000983
CC_BA183CDC5429,0.7934678389984143
CC_BA43646012D2,0.3555146922402233
CC_BA4F7E494E71,0.5296768685368934
CC_BA557F75E2DD,0.2257093559117271
CC_BA740903CBDF,0.2003852344484125
CC_BA77722A827A,0.5148618884585847
CC_BA78E47BB021,0.20087876265662416
CC_BA8C427054F4,0.03996138670995298
CC_BAA19F8D2563,0.0977198386499072
CC_BAA1BBFF8C6C,0.3172244619201631
CC_BABA44B5FB12,0.08389935542918191
CC_BAC25BCCEAD2,0.06073846303798828
CC_BAC74D0014D3,0.4479094626290292
CC_BAD99E36CC71,0.2335898221736389
CC_BADE7EB1D16D,0.7366087340810554
CC_BAE7410803AC,0.20599045321805542
CC_BAEBBF8054FB,0.12243245659003084
CC_BB054686B6F2,0.037303564335803834
CC_BB05D9DF72BD,0.05728756910928413
CC_BB0D54068D07,0.8096215426201286
CC_BB15DE5E0DA0,0.7178355163168649
CC_BB1A57AA813F,0.14439216667581936
CC_BB1CABE261EB,0.12107190829464942
CC_BB2BC46FCF61,0.27204434535815036
CC_BB2E5437EE04,0.045358700856357126
CC_BB2EF1FF6131,0.08364971388999254
CC_BB2F56C6BF57,0.09868083517394632
CC_BB35CEC5314E,0.09052923158661574
CC_BB39E3597B61,0.044149072449086724
CC_BB3A9EECD51E,0.08009910858115449
CC_BB44CDEE5103,0.1960968120616857
CC_BB458116ABA4,0.35462168057489407
CC_BB5F6936F6FE,0.2302490487048936
CC_BB666F8A551E,0.07025369400738256
CC_BB7355E735D2,0.12017881541372016
CC_BB8A2F186D6A,0.05369563298821759
CC_BB9FDED12C65,0.7037077453582526
CC_BBA8C316C8F8,0.0756422690715716
CC_BBADC7DC73EA,0.1895104942612091
CC_BBAEA7980B09,0.4296471810929566
CC_BBBA078A6429,0.7668320333187562
CC_BBBFC3EC2C72,0.4243728794151178
CC_BBD34B3225EE,0.03145424020960194
CC_BBE6C58C59A4,0.37941618209471906
CC_BBEBBE1E226D,0.11770046018542019
CC_BBED56D34D38,0.11625492595775204
CC_BC0244FBDAF6,0.21216643061822726
CC_BC099E880236,0.1345048515918262
CC_BC0F05C89E25,0.15966852171071125
CC_BC1BD06C1085,0.08539827338223532
CC_BC21E8824A34,0.4728815997331138
CC_BC23655B2BF4,0.05840860576734702
CC_BC24F9024F49,0.06906814539380896
CC_BC2A58939715,0.09423617855437892
CC_BC2B90F226E0,0.22448623409909196
CC_BC31382964E4,0.06343632118838584
CC_BC31DA3EAFFF,0.1426349961071964
CC_BC3A6CF6FD16,0.10087792882693052
CC_BC410BDD9ED8,0.23768265120191986
CC_BC458960887E,0.18904699892504692
CC_BC484C329704,0.15015865355809702
CC_BC4D6D6D4553,0.3340453406025885
CC_BC5A59D88AFC,0.07801542099888457
CC_BC736DA19A00,0.21425939329855473
CC_BC7B9D13978F,0.18746473333713773
CC_BC84BF34D69E,0.19129892921462535
CC_BC95D473C9CE,0.15071771907485731
CC_BC96FC9DCFE7,0.1443117514366139
CC_BCA0D6159C23,0.18275395155926902
CC_BCAE73132BA2,0.09320885057921402
CC_BCBBF055366F,0.04017561296947808
CC_BCC94F494979,0.0679875569990866
CC_BCF75F8B9A5D,0.10675825726119864
CC_BD10F4F15094,0.09183203707102709
CC_BD1A2052ACD5,0.8057745024588088
CC_BD217C39702F,0.33539699637402504
CC_BD2A9D4B9FAA,0.22993710802293066
CC_BD3EDD1630E8,0.054092029575310153
CC_BD4AAFE9EFEE,0.05454437470496833
CC_BD59D1252975,0.10467244482602579
CC_BD607BE97C17,0.09788875714174843
CC_BD889F165227,0.09837564365852354
CC_BD900B6BCF65,0.19005746925174136
CC_BD9967660461,0.39410829376188344
CC_BDABB99ADE2A,0.18198306376854137
CC_BDB07C66EDBD,0.3842468077657628
CC_BDB71DAAE50B,0.07128528937977234
CC_BDCB91FACECF,0.13180979103941523
CC_BDE1E398B4E4,0.0602731201939262
CC_BDE8D325637B,0.6696356690217867
CC_BDE9E7F390AE,0.08272702474725895
CC_BDECF392D7F9,0.1612545794712211
CC_BDF401C3BBCA,0.1293157275723993
CC_BDF53C42C5BC,0.19769096895137953
CC_BDFE5778530F,0.32194061084868286
CC_BE05EB5976EC,0.7542429313919307
CC_BE08A6D5E76D,0.056555005453707174
CC_BE146CE5BEE6,0.11882440241864604
CC_BE24C1EE877A,0.10113241522278942
CC_BE27E98C4BED,0.07900892035387837
CC_BE32DACBF6C2,0.11725825333103042
CC_BE3F52F9C9EA,0.1429254501836179
CC_BE3FC1024389,0.1380574847027635
CC_BE4595898BF9,0.10416818122532416
CC_BE4F1F53F4B6,0.0834587060127267
CC_BE648663620C,0.17397458585575346
CC_BE6627F3B9EE,0.698850697797388
CC_BE673F70B591,0.33395197830271367
CC_BE704640727F,0.028186269823565844
CC_BE7295B354DA,0.33924218282236024
CC_BE760A430ACD,0.14835942623686915
CC_BE8A340F3876,0.04074812563527946
CC_BE9CB8845101,0.2790384517732027
CC_BEA12286E57C,0.1397995171216532
CC_BEB24EB997CA,0.12232001369310595
CC_BEB80CCF2ED0,0.043238761606936876
CC_BEB86014B5BF,0.20297132396380402
CC_BEC035C8801A,0.10593653234675504
CC_BEE1B858F0C3,0.2536981317244283
CC_BEE664893442,0.19593171433744985
CC_BEE75A33F038,0.05100639442020207
CC_BEF22728402F,0.7046184871421853
CC_BEF8AB2DF19D,0.36487096694243853
CC_BF03683CC755,0.09304975977222503
CC_BF066CB8F7A0,0.15987145138624861
CC_BF154A9FEE8D,0.166424128705038
CC_BF17E635C67F,0.12702527309179293
CC_BF196AFA6AE6,0.11506418599956786
CC_BF2012FCFE14,0.2485727940678851
CC_BF3733356D4B,0.42593351187216627
CC_BF376C8D14ED,0.5104476118326359
CC_BF3BF8B9F646,0.10677177054771508
CC_BF588A5FF18D,0.6606972041398471
CC_BF7C643B8874,0.050393357851690766
CC_BF8919F14394,0.15272143706739041
CC_BF8B759EE1EF,0.07147687216736436
CC_BF971FA7A950,0.15174215564987478
CC_BFACE960372A,0.11076589973320834
CC_BFBF917EFEB7,0.547763681089161
CC_BFCAE2959708,0.05137937675081835
CC_BFD80ECB739A,0.25388393151922667
CC_BFDEC7E68821,0.0590104287827784
CC_BFE3AD881F4C,0.03781319673651338
CC_BFE511C0F9F3,0.5653775438161313
CC_BFEE9CF8A6E9,0.09449962282745268
CC_BFF8E82FE4BE,0.1454101259449063
CC_BFF9E8C0FE28,0.5977871757858281
CC_BFFCB2882E26,0.04691349066148684
CC_BFFDCACC1E4F,0.10985660879806271
CC_C003A15648F3,0.07939108740595478
CC_C004160ABB18,0.13924511379218402
CC_C012746F45D6,0.08694486007304598
CC_C033B4EC89DA,0.1783779124498933
CC_C03578357D0D,0.37398360421163884
CC_C040C14F27A0,0.04963300775134624
CC_C0474C48C443,0.18241017975276738
CC_C04A1EF46A13,0.24694282500598433
CC_C067DA2C5F99,0.40018040729767534
CC_C0731DB0CD7F,0.6298445582534504
CC_C07C70AA1AF0,0.14700444139528454
CC_C0877F4DBC62,0.13343241486591872
CC_C0896CE6B4E2,0.07017122284089682
CC_C089B0517E81,0.07742167098533143
CC_C08B9066A5BB,0.1934961690003274
CC_C08DFB22BC71,0.08495634600661554
CC_C0A2108BEC82,0.21564281736179444
CC_C0A6B0787F91,0.10443822388241308
CC_C0B29B279C90,0.08869809309717036
CC_C0B7151247C2,0.08973378408679605
CC_C0BEDCC974E6,0.10068903090614893
CC_C0C6F913C2CB,0.7113718488099626
CC_C0C7EAB055B1,0.20457684990241679
CC_C0CCCF588BEB,0.30814122157480056
CC_C0D65A1BC1DF,0.6272823447448671
CC_C0D6ADDF1E0F,0.07898217535281647
CC_C0E49708EB44,0.24322632770288943
CC_C0F32BA57D17,0.04391887416784345
CC_C1094828B26C,0.3114570162325045
CC_C124E4C094F3,0.2559134672382073
CC_C12ECF48FA03,0.1450425599585847
CC_C12F5F7E5C54,0.10512253945760981
CC_C131509731A1,0.1730920624394915
CC_C14173B64C58,0.17988135052190343
CC_C14A4D39F494,0.42419835558069896
CC_C14DC9106B7E,0.254482874204054
CC_C1624A910E58,0.03191291276732344
CC_C1645FA6EE7C,0.07488496945830854
CC_C165A26E7C1D,0.6744774354882116
CC_C16824A69631,0.047683344554804864
CC_C177831DEDC2,0.06021442982851411
CC_C1815DD481ED,0.725975089758752
CC_C18313F97FC1,0.3400512689216024
CC_C18A7BC23071,0.25632815244154883
CC_C1941883C762,0.10060528711593215
CC_C1A0989CDF23,0.02915603758990851
CC_C1A8C99D910A,0.09909414360361729
CC_C1B057BAE0BB,0.2719064907977049
CC_C1B5D9A95708,0.1107887451698391
CC_C1C28181E30E,0.16786721333789922
CC_C1E8CA45E983,0.09459085136165496
CC_C1F4DD05F5FB,0.20617114190941574
CC_C205BAC0D181,0.07342571455184456
CC_C208790016F7,0.07241736663315047
CC_C219E603FD0B,0.06289249475135653
CC_C2323893E922,0.17006921583917847
CC_C236A614F73D,0.10886692536694648
CC_C241491551A8,0.10328583910786654
CC_C247E0377048,0.11723968733493406
CC_C24FBA584039,0.23307197536831145
CC_C25078D044CC,0.2585187809482538
CC_C255BE787955,0.21667378021154982
CC_C25ECB5C5FD8,0.06421961716018708
CC_C276E722FB1B,0.3140305970962838
CC_C279090E1F74,0.7743327623087701
CC_C279CA96D14A,0.1401878239809189
CC_C283330B9999,0.03354608972170436
CC_C289AF57EB24,0.2968013235731876
CC_C29558864857,0.10841989645859289
CC_C29846DE78AC,0.6185597693424164
CC_C2AEE09D92AD,0.10477375540869015
CC_C2BBFB603032,0.3550388149917459
CC_C2C2B2EEBA69,0.03940481237222648
CC_C2D1CBB42952,0.15626791397440007
CC_C2D4587A871F,0.7261300535699885
CC_C2D583F20739,0.3320860405124782
CC_C2D9086A8C67,0.04305339917255981
CC_C2E8FA308586,0.1449768594547083
CC_C2EA104630E3,0.09497516018536666
CC_C30ED2C6265A,0.03402532515771645
CC_C31BA9FD4FFF,0.30489932084999366
CC_C31DC3117984,0.20027012054244742
CC_C33142B2E26E,0.35657049639502514
CC_C340668CE604,0.0834155568067807
CC_C36580241000,0.12291048944139514
CC_C3664AFC710F,0.11627026716111899
CC_C3676D2ADC91,0.18941766279623762
CC_C368AC6AE19C,0.04464905483169843
CC_C38B446B7432,0.1627767031127322
CC_C38BE6D69E61,0.05045623714078327
CC_C38FB634E7B9,0.0625819092172264
CC_C3913A125FC9,0.14172411912835342
CC_C392AC1AABDB,0.14192364386636022
CC_C3A37C3EDCC5,0.3054093163582275
CC_C3A42A96D260,0.27950222587498597
CC_C3CA355F78BC,0.10387624960211277
CC_C3CD972B25E9,0.17085853684525673
CC_C3CE9FCB05EA,0.046261236117995964
CC_C3DA12B31CD5,0.08050424408005724
CC_C3EF46D2CF29,0.1850797901215193
CC_C3F301EAE202,0.17269246332559726
CC_C404C200B723,0.1216465005870111
CC_C40BEE2EAD73,0.2440005925904968
CC_C40CA3E960D9,0.12536639916159378
CC_C40E0EEBA53A,0.17608873114109339
CC_C42183D7A586,0.08221154311609567
CC_C427199DAC5F,0.4267440141473089
CC_C445AEF194CA,0.0930407180060836
CC_C45051D20EC8,0.13112703362973363
CC_C47FCA703A69,0.29419963600324034
CC_C4965C6C6935,0.32558248816227175
CC_C498BD798847,0.04196083973339302
CC_C49A42D1C3CA,0.12584249178066173
CC_C4A2F5B06976,0.08330196259568468
CC_C4B632AEB96F,0.13780864433626758
CC_C4D194378554,0.030412265990525583
CC_C4D90E9CA5E9,0.13572271803299288
CC_C4D941D5A5F9,0.1577720205333712
CC_C4EB2486A9B1,0.22924611397313657
CC_C4EC2923D96F,0.28476824735196876
CC_C4EC9ACAE8C4,0.7425681219725071
CC_C4FB2ECB13DD,0.3083113407439844
CC_C50467EBCC58,0.0893509287766288
CC_C50C5E2A77CA,0.15147147761825883
CC_C50D7FAA75C1,0.03733372330443948
CC_C51FE3F4D2F3,0.17168890112278415
CC_C5234F4713B7,0.0632035005918788
CC_C55110310E14,0.08993194040829154
CC_C563D509181A,0.08247629110081175
CC_C5736F4887D6,0.7256111558991404
CC_C57C4F09442B,0.0917616538694775
CC_C59D2CA55CAD,0.8240221181257583
CC_C5AD04ABF022,0.10884873084916559
CC_C5AF7BF4B951,0.040312525724735815
CC_C5C5FD9FCFE4,0.6688025040239247
CC_C5D9A89022EF,0.22461996250749391
CC_C5E1FA10BD6B,0.16725201336709747
CC_C6039EF0459B,0.14763780161164103
CC_C6133F44EB0E,0.09373181122266505
CC_C637C1142503,0.7583098879559977
CC_C65496C86EAE,0.17481414915606155
CC_C67C2B86A807,0.11327858144261686
CC_C690CF8AF3B4,0.09769681639009724
CC_C69204FFED48,0.32299086405675936
CC_C69DD80E5055,0.10669608219394823
CC_C6AE389CA79C,0.06487964157455677
CC_C6AFA8AF33BB,0.0717240956377574
CC_C6B56B2869A6,0.3759083486357981
CC_C6B61E03B42D,0.16888821274568358
CC_C6C2B357FDF2,0.11490521646399084
CC_C6C4A4A318E4,0.09656173109035084
CC_C6DECDCC7956,0.20097266436608793
CC_C6F134ABD932,0.5780731756378324
CC_C6F24128D8D3,0.17830441192440985
CC_C6F8C5E3D746,0.08143107711497616
CC_C6FB2BDCC78F,0.31431160553336296
CC_C70DBEB08378,0.8317426411273375
CC_C71AAC6F9607,0.12775738134219536
CC_C73D1C53BEC0,0.3376941301975926
CC_C7423B380FD2,0.05207588016886284
CC_C747ABF2B4BC,0.08250285715828047
CC_C74F0C45C093,0.1215054744478165
CC_C75307665BCF,0.26492775882478786
CC_C76473DBFF83,0.3685168895031821
CC_C7652C2D1CC7,0.18755288556603256
CC_C77B38900325,0.2580278706574102
CC_C782A94E6754,0.0444359612914253
CC_C786E0FDA098,0.7260118713807735
CC_C794632B3AAC,0.48298871953656963
CC_C795250A7B3F,0.12215246240992948
CC_C79BF5794AD9,0.05225369994867476
CC_C7A2A7BF85C5,0.09282414188065098
CC_C7A2CEDA36CD,0.46994560067048524
CC_C7AAAC514CD0,0.08332283296605673
CC_C7B39AE8206F,0.15523085240072126
CC_C7BA884F8DCA,0.1638270405092438
CC_C7BC592C11DB,0.050713171012007126
CC_C7CB29EBCEE1,0.04764639060205928
CC_C7D2BE35C77A,0.06955542401999153
CC_C7E56C7FFA19,0.16548441879311473
CC_C7ED63E403A8,0.07935306857719084
CC_C7EFF4BBEE1E,0.06053143213077605
CC_C7F1C90A261F,0.12994698176100364
CC_C7F38C2DEDFF,0.1762799199197815
CC_C807F881A35F,0.24981103292270887
CC_C808346EF2A7,0.05341596217091415
CC_C822401D05A0,0.14832847797179846
CC_C82D0EB32984,0.10213163774133206
CC_C82DE4520088,0.21250020208840623
CC_C84080607284,0.06570284509013323
CC_C85DEB66D6EC,0.26848404533798675
CC_C8601860B3AB,0.30340331988728847
CC_C86B56E5B000,0.12087015028752447
CC_C874E7D8B96A,0.04962257361701278
CC_C88F02C38654,0.12209682701510467
CC_C895990DF270,0.15147348235161376
CC_C896D6E93110,0.34779247490840204
CC_C8A57920FB6B,0.089817183469395
CC_C8C2CEAC6750,0.4776113812979439
CC_C8CBB38CF4B6,0.46310631644441647
CC_C8DF2AEC8023,0.15262404325483617
CC_C8E24B1925A2,0.18023168184198848
CC_C8E2F0CA5050,0.7379897568078295
CC_C8E875AAFD58,0.325596798028738
CC_C8EF7366016A,0.06183193554948919
CC_C8F1FB9C56E5,0.08805848492129607
CC_C8F2FF7E6DAF,0.1187453405981083
CC_C916DC82A00B,0.30338643540294097
CC_C91FF308D57A,0.07903361883142089
CC_C9297D88CD26,0.32788363357356315
CC_C932D885E1AA,0.25448238030531095
CC_C947A66A6A34,0.19100221948208296
CC_C953D19C82A6,0.2347490157381095
CC_C960365C1125,0.22886827234275375
CC_C96221203852,0.19259012430703337
CC_C967937FC81A,0.7089182053046778
CC_C97434767545,0.19094064404823752
CC_C974620D4D4F,0.2568692594988043
CC_C9749B07E3CC,0.11108584315010168
CC_C979F86EC4EB,0.0680383818079186
CC_C9882357496D,0.05067010819806946
CC_C98B5F2B994A,0.08578624759430498
CC_C98CA453DC7F,0.10642559564595744
CC_C996515164AF,0.6575674717517076
CC_C9A1B8F512F3,0.48313814681788064
CC_C9E008678B77,0.12273441136661778
CC_C9E89E3728DA,0.20630666125701727
CC_C9EE0357CF4D,0.1752954754840433
CC_C9F15C15BA6A,0.10196380404554008
CC_C9F3BB887EB9,0.20450586380886482
CC_CA0906B9B58E,0.058847125347964234
CC_CA16B9133E4F,0.2785773381739813
CC_CA2524A5C7AF,0.3058074954951172
CC_CA2A17C9CD44,0.462802476313599
CC_CA32C61E255B,0.12486287375608353
CC_CA37F92A8BC6,0.15066938539755192
CC_CA3C9D0F42A2,0.5499202926681619
CC_CA4669FF2379,0.1025897981031275
CC_CA486E08F176,0.056830299586078666
CC_CA5CF069C36C,0.06731831772801507
CC_CA6AB58D2C8D,0.2667273851372171
CC_CA6EDCBFA9E3,0.1793010024685343
CC_CA6FB58C11F4,0.07615839228012768
CC_CA7902338F91,0.14052270447334267
CC_CA7BE11DCB92,0.09978445479224647
CC_CA87A148C386,0.07669229649530086
CC_CA8E7E45347C,0.13979593843106286
CC_CA9214D0E170,0.14312157826423497
CC_CAA07EABEF71,0.05743419827696709
CC_CABC0190A9BF,0.4904630785719489
CC_CABF171B8582,0.538316026635692
CC_CAC2F989A2D6,0.2165174454873835
CC_CAC50FF13A43,0.46682434863061145
CC_CAC9C52B6FB8,0.28732310304635383
CC_CAE19DE8446F,0.065370078034132
CC_CAE5F6D8328C,0.4424029985834283
CC_CAFA0C6DBCEB,0.06729217998130688
CC_CAFE5D6E3E1D,0.11544357159470435
CC_CB02A97FAC1F,0.20633394316722017
CC_CB1155AAC7EB,0.15663518361297063
CC_CB1B2FC5769C,0.17684136031832298
CC_CB1BD3C19303,0.1584788410990019
CC_CB2423DD4809,0.8135743003854673
CC_CB33381406F3,0.6708896571791322
CC_CB3CBA971E97,0.09463081940553182
CC_CB45CB5C940D,0.1668496104216953
CC_CB4A2667F8CE,0.19517425977412342
CC_CB4EA92BE238,0.052123552882668726
CC_CB4EE5CC0B09,0.19294550263471533
CC_CB50BDD92A4D,0.20564693430628533
CC_CB6A55831080,0.06105199816112034
CC_CB6CE149111A,0.12764524406197106
CC_CB6F9DA78019,0.04661478378468692
CC_CB722FAA608D,0.3514943684300735
CC_CBA786C05C1C,0.7654386657923878
CC_CBA9A6206DCB,0.13901662687888897
CC_CBB7AE2847B6,0.1848756159495902
CC_CBB9DDEAC819,0.02871612968123917
CC_CBC30D127BA4,0.08643813426333975
CC_CBE67EF0D3C5,0.5242387865800034
CC_CBEC318365B3,0.3690437916463625
CC_CBED6669EDA7,0.051219774140517364
CC_CBF1B052FA7E,0.07650544503672274
CC_CBFC7EFF2F94,0.13330742375656698
CC_CC27394B5E35,0.07414018155795672
CC_CC2A7B3D7A55,0.16089295589435423
CC_CC34B2523794,0.1513557267063388
CC_CC34E9023873,0.703414285773048
CC_CC37D81F02A7,0.5836598734068169
CC_CC4822AEDB83,0.6525116034650139
CC_CC5D6CAE5ADB,0.26153956496052827
CC_CC6D27804EF0,0.07181572447471206
CC_CC71D4876B90,0.09439897556253707
CC_CC75EA7F2C8F,0.12023712430592066
CC_CC9214A5C0CF,0.07290109800603436
CC_CCA2B8D2446C,0.4251760971401164
CC_CCAB3E56FD92,0.1695221176461206
CC_CCAF321D46D7,0.033429771357937545
CC_CCB46EA56584,0.22873414304127623
CC_CCB60CB8754C,0.15946119846813248
CC_CCD759553325,0.05463906518598612
CC_CCDC28D49832,0.12839634425546426
CC_CCE55029E621,0.6509453301531433
CC_CCEA133D7268,0.616797768398979
CC_CCED6CEBC3D6,0.36780150936885425
CC_CCEE76415B51,0.3001221498826986
CC_CD1326D52AE1,0.6856057011373915
CC_CD35EEA81CE8,0.3273272799065753
CC_CD373485942B,0.10676655547220958
CC_CD379DD39658,0.25318863246940965
CC_CD37D5CF0EB0,0.17063681844243264
CC_CD380545A7A4,0.05532396502753267
CC_CD3A378249BA,0.285185216750616
CC_CD415B1C7741,0.03268622440487653
CC_CD4976814F28,0.03211196030355961
CC_CD4F5F1C357B,0.2486820444365634
CC_CD54829713AF,0.09687200784165155
CC_CD5E3556D5AB,0.16451451805365483
CC_CD6C797F3C4F,0.08162616298306648
CC_CD7BA8F6C4BD,0.11625596256264704
CC_CD8352F0478D,0.2198335534069288
CC_CD972E578564,0.8018094862443776
CC_CDA1B20179B6,0.13609150712145487
CC_CDA2A36B81B4,0.25234110744833277
CC_CDF6354EC332,0.056048063059744115
CC_CE01E17132E0,0.03733705172342664
CC_CE1280B30475,0.13405441473070234
CC_CE134F878294,0.043073376596490735
CC_CE229894AC00,0.13661733758079514
CC_CE26907B9D30,0.3695504954482252
CC_CE2755B42DAC,0.07883215429189022
CC_CE2BD7F74421,0.24408316698385632
CC_CE3784121355,0.08203017305970071
CC_CE41F9FF509E,0.12578871633709024
CC_CE5AF0E9A157,0.09122258874755529
CC_CE5EA019DCAA,0.07864999963463709
CC_CE6460FE39F6,0.07906898317417942
CC_CE72D1734761,0.5865377046278636
CC_CE7FC560768D,0.37793989313953563
CC_CE871DB3950F,0.3050014178177897
CC_CE8D1564C4F1,0.12357094489525196
CC_CE93240526A9,0.25008091604531424
CC_CE980FCAB154,0.29240985743283365
CC_CEA0FAD348F8,0.08729042860408188
CC_CEA369A3451F,0.05508763198230524
CC_CEBA67081418,0.278770307898147
CC_CEC0C00FE770,0.4735103200840382
CC_CEC3B21D2982,0.34421134342570564
CC_CECEC680F701,0.17147939514552835
CC_CEDB263DB07B,0.03457646273729176
CC_CEDF9C14DC79,0.29536817696063916
CC_CEF23255BE06,0.04873183145101873
CC_CEF8C71C4E8B,0.4382922927207717
CC_CEF91FDD41AE,0.3696670451759434
CC_CF0B68684C3D,0.11481581639919596
CC_CF149865368F,0.10949762651173102
CC_CF2A7A5582C2,0.1833109677697724
CC_CF2B3E37CF2E,0.35679589316179267
CC_CF2F163CE005,0.15963105745636577
CC_CF3C063DF626,0.162220754099621
CC_CF3E91DB8220,0.3259130995619536
CC_CF3FB5744443,0.722397084955118
CC_CF4991B8EFE9,0.11317173698466265
CC_CF53FD3AC9AD,0.032279906284035244
CC_CF5A140B279D,0.22856582373893528
CC_CF613A7162B6,0.14056080654116257
CC_CF6A8A460B19,0.09705643037070855
CC_CF792E77A16D,0.042234003394724856
CC_CF7BAF373E0A,0.03491565347725463
CC_CF8B1D0015C4,0.13315779374554124
CC_CF8D0517B79F,0.06345793021728922
CC_CF92037ACA93,0.20444517811826926
CC_CF960A300F40,0.3452265084654526
CC_CF96B6335E6C,0.18624264923773334
CC_CF9880D67A7D,0.1759501000664233
CC_CF9B249283A7,0.7288012847416413
CC_CFABF7407978,0.21484706272305043
CC_CFB2AE99EABF,0.19850507866165432
CC_CFC0BC440771,0.16051307845595064
CC_CFC235739F25,0.5317728004691992
CC_CFC6E8954325,0.04765765381089843
CC_CFD37EDB214D,0.2647388595870965
CC_CFD93C04478A,0.516941743377174
CC_CFE0AA5381FD,0.6226588624397099
CC_CFEB021AA137,0.05508071312665767
CC_CFF6E2A6A3F9,0.25182173529748586
CC_CFFDC4947256,0.14834578583301375
CC_D009368CE434,0.041373775957145247
CC_D02E59E08B02,0.03574083293454749
CC_D03848B7353E,0.05006220740746554
CC_D03A69B1563D,0.15927817890301285
CC_D0576802096E,0.09370977801527042
CC_D0582E0F3440,0.04733053741406574
CC_D059D0BEC5D5,0.3434217502600971
CC_D05C4A8F2A25,0.12702516852906556
CC_D05FBA9B9040,0.6624492087365746
CC_D0653EA71CAD,0.20908003808352985
CC_D076A984B786,0.18198586706154704
CC_D08FC2D99CF5,0.18029217277954568
CC_D09942A02904,0.10707885933661555
CC_D0A8EA2D37F2,0.14213087681460346
CC_D0AAD35C800F,0.1137335302127816
CC_D0D666EC0244,0.08603827287424369
CC_D0F3F68F4452,0.45939231249898344
CC_D0FBDE8ABAA7,0.11652185509983477
CC_D103D50237D9,0.24913918351574582
CC_D11E5A30CF3B,0.3110596974620154
CC_D122B30AE7CB,0.46378672742270705
CC_D1679B40D83A,0.09159697375746374
CC_D1760785D631,0.271397817917785
CC_D18088587757,0.26675518895899897
CC_D184160042B7,0.31361307037222674
CC_D1886485E8B4,0.164423643384563
CC_D1893DD5B4D4,0.08795964663511768
CC_D18B60E035CE,0.7553458877331717
CC_D191D099789D,0.09716601325398193
CC_D1BDB41E7FF6,0.07905669972958704
CC_D1BE2E6E9C9F,0.18454511723466013
CC_D1BFB29BF61C,0.06929089244331774
CC_D1C259F80E13,0.07594423746039579
CC_D1C63DA9CA93,0.16166567386672356
CC_D1C931E4F305,0.07510293439054365
CC_D1CE25F271BE,0.16382541975641798
CC_D1D2127A0C67,0.05599779289503631
CC_D1D31EA359F4,0.14870249033489444
CC_D1DB888BD9B0,0.11396611474885704
CC_D1E82B9DD102,0.14898339120490567
CC_D1EF68A649AA,0.11788082085378165
CC_D1F05E69F80F,0.051591939503825505
CC_D1F6FE158DCF,0.21539983070586458
CC_D205612FD566,0.6570927310268467
CC_D21474C31E3C,0.7084372521825532
CC_D2195A061A0E,0.6371638294617655
CC_D2199CC1CB08,0.030299877364378423
CC_D21FCD9DFE53,0.5558151885643955
CC_D233B2C8062B,0.456048039576845
CC_D234CF2C21AE,0.6841848160374068
CC_D2373015DF41,0.051472137805803564
CC_D239CBE1012A,0.10753824142924488
CC_D2591377E980,0.780450494572673
CC_D25E25C831B5,0.05912791880325491
CC_D262BB13DAAF,0.27634786593448163
CC_D272BC699F38,0.04308540212276146
CC_D2813C835750,0.7759548741289057
CC_D285B0D67016,0.025646484034870243
CC_D28FB525E310,0.24869630600900658
CC_D2AFEE04E96F,0.03232434103982062
CC_D2BBAA423304,0.15062921604032364
CC_D2BE8B4011D7,0.05325701347156928
CC_D2C49D2FEBF8,0.18712851934841743
CC_D2D09498D333,0.14025598295435832
CC_D2D187DA334A,0.2069173501855576
CC_D2D47A5386CE,0.2695515267753423
CC_D2E98F50621A,0.03691989227862883
CC_D2F265035F0A,0.0411339531640623
CC_D2F91355C6D0,0.20330684470028695
CC_D2FC934F8324,0.14145889577607218
CC_D3044C67CFFB,0.06488548924245181
CC_D313F2C49E46,0.27880149055161635
CC_D31FFB053D60,0.12982041624714694
CC_D336DB6323BB,0.262398872530844
CC_D343A7CBA377,0.061862780049967446
CC_D345AF4C4B61,0.19302316807016637
CC_D34FA9410740,0.07016348667846517
CC_D354C5D1665A,0.13363173524820912
CC_D35E96480AF8,0.22394582905892854
CC_D3616386D6D2,0.14897674863067015
CC_D365173E852D,0.7627323993541842
CC_D3683C6CFC5C,0.6427756870027913
CC_D373463038E0,0.04977227247814306
CC_D379CF8E3FAB,0.715181193610407
CC_D37B4CA7F3D8,0.05027724051088161
CC_D37B5B3CA4BE,0.6770958897401197
CC_D39265D7B6C9,0.058992688432920465
CC_D39E3F732408,0.07753826816605819
CC_D3A7B21165B3,0.3358619925801671
CC_D3A9028A4660,0.05703441090228254
CC_D3A948322BD5,0.6865945770743612
CC_D3B95DB5E6C1,0.3092065928161657
CC_D3C8C5014D5C,0.22232885846024572
CC_D3D80929AF52,0.0894316584205303
CC_D3F25136073A,0.1595924114660555
CC_D4102AD032BE,0.1982238106262467
CC_D416EFCEAD89,0.05814699703074911
CC_D41C5030494A,0.6809814146267849
CC_D42E477596A3,0.059067475164459586
CC_D432C89BADA8,0.16656388400510055
CC_D434638E9569,0.1140720229960358
CC_D4518F98BB77,0.08445763253164847
CC_D452847F2A4C,0.05772768223605842
CC_D454056F92E6,0.217024021226213
CC_D461FB973AB2,0.8088487840674762
CC_D462250B13D3,0.45665110504039785
CC_D48E686A834A,0.6498747121919948
CC_D48FFD985E51,0.08432853262175306
CC_D49263A1BDF7,0.13028094872557575
CC_D49668C65C33,0.02927751715880007
CC_D49D9C57A849,0.08950193088480134
CC_D4A029A150E4,0.16962223703977286
CC_D4AC998C0BC8,0.6963080996309126
CC_D4B02AAFC697,0.13639690587976291
CC_D4BDF0F4FE9E,0.11918700259136496
CC_D4BF2778371B,0.1339650090395971
CC_D4C0F4DB3501,0.17908679934696625
CC_D4C6DD8A364F,0.11571056037222249
CC_D4CDE2A1E174,0.13878439435667694
CC_D4E7EE35695B,0.1755593719768382
CC_D4ED652E86DF,0.2765100949642374
CC_D4F844B54B84,0.03884518135801584
CC_D4FA0055DB4A,0.039668779119337035
CC_D4FDCBAFEC74,0.7305081870738981
CC_D517D90E105F,0.10271559301421167
CC_D52B87A01028,0.21265874851381705
CC_D530C3D1DBF8,0.6713789265872953
CC_D5327E41EBA2,0.12942468604600746
CC_D53C8BCA531F,0.08672658904428389
CC_D540C7ABF683,0.675793244708284
CC_D54105FC1349,0.3289060129006039
CC_D550CE8B9313,0.6803272278576166
CC_D55C5B432387,0.1484105157560448
CC_D5646FCC5E14,0.4990105822959205
CC_D56F34613338,0.13759163110028372
CC_D573AF0F1674,0.08373316000709319
CC_D586E2C2B3EF,0.292451672625241
CC_D589E388CA02,0.055717138100975415
CC_D58EBD954E68,0.36638041028279483
CC_D59AFE884BDD,0.5031741858039172
CC_D5AC596A85E1,0.16700404855743634
CC_D5B99B578573,0.03940792146558597
CC_D5CBF4A4D3B3,0.11841197860716236
CC_D5CE05EAA837,0.23497707181411034
CC_D5D36A6C8DB3,0.07024949615451327
CC_D5D8D545736F,0.09881249422083167
CC_D5ECFAF8C1A3,0.07522521172407412
CC_D605715F737A,0.12299431658859233
CC_D617428B4B0E,0.3581001326861215
CC_D61E8E5C4414,0.11862287733063114
CC_D652B5F05769,0.19079301323728393
CC_D6564D0CB9A8,0.16782102830491255
CC_D66183657419,0.06453500295805331
CC_D66BDD3E1AA7,0.1017899755065234
CC_D66DA331534A,0.09927514496404773
CC_D687A780C0E6,0.04489447809831401
CC_D6AE871A4C9C,0.0865693234373473
CC_D6B7AF1FBDD4,0.5162093770109881
CC_D6B874308353,0.5783605003743514
CC_D6B8F47FE484,0.5204372608249352
CC_D6CB1BFDCEEA,0.1759508677698989
CC_D6D47D7E1C51,0.03245327718939623
CC_D6DE060699C6,0.14607293689744297
CC_D6E06014457F,0.8309561365575088
CC_D6E8E17EA449,0.3167064355061328
CC_D6F216AB1C4A,0.14803857181862753
CC_D6F5E3A51C8A,0.1004668514819379
CC_D6FB3B76D7A0,0.590419644760198
CC_D6FBCD4BA3DA,0.2721673827008957
CC_D70918916097,0.5002103469138387
CC_D73B1B9B81A5,0.05750405188854049
CC_D73E9E24BB48,0.0946327973616435
CC_D74AA0F20466,0.12407495863526473
CC_D750070C44BB,0.7233160856510933
CC_D7529675CB7D,0.16787940726338257
CC_D75C8CDB510B,0.663901135223222
CC_D76009C47709,0.2655414948269863
CC_D771775A58F5,0.173070383410275
CC_D77F9D613EF7,0.20046437220400562
CC_D7999C3EDE22,0.1955185509633528
CC_D79BF1D26499,0.22580177282287237
CC_D79C05885899,0.11411246146289167
CC_D79D4F15D10C,0.03960217691217976
CC_D7A11E3512D2,0.051217208401030924
CC_D7AD7A7279C4,0.20100912734711962
CC_D7B35055AF0D,0.16044041005658824
CC_D7D99409D57E,0.29188089045917764
CC_D7E403181D8F,0.1303705988703593
CC_D808C7BA9399,0.13325677037788286
CC_D80DE8B544F3,0.03545836496023609
CC_D81D19AEFB77,0.028606693139719752
CC_D81F317F6384,0.11309952713418658
CC_D844D9DF962C,0.09589648395145088
CC_D847D978387D,0.047513672495795876
CC_D85C7B85C440,0.2457284866352318
CC_D885591596E7,0.08001882467914548
CC_D887D07BDE23,0.4055961727483585
CC_D88ACC0CFDA5,0.1110970096132291
CC_D88BDD0F510C,0.04265134153461711
CC_D8956424CB37,0.3713348947406032
CC_D8959BB99A7F,0.34178642643604157
CC_D89A9A14B5E8,0.04893647888674069
CC_D8AD01F3CCE7,0.04672416730771159
CC_D8B4122DC296,0.11887441973801414
CC_D8C38B187875,0.7554795360610137
CC_D8E55509595E,0.0622512565371914
CC_D8E6B90C37A3,0.13440540242075857
CC_D8F1AECFCC2F,0.05529449063235955
CC_D8F7672C70D7,0.04778385321239708
CC_D8F7E904E7DF,0.22966729295019941
CC_D8FEF1C99F88,0.6748845640881513
CC_D90761F9E9C9,0.38273083078845604
CC_D90D9D5C8FEB,0.11112480784826013
CC_D912917A4F4E,0.7236056810845127
CC_D91ECE64FD0C,0.12817558620926528
CC_D9325E5695D5,0.04938757217793815
CC_D9563654A397,0.14828494978793105
CC_D95766A6C24F,0.1690398560504872
CC_D95939B1BBFA,0.07785161820487978
CC_D96729C38BC9,0.09208508213755894
CC_D9791EFF766C,0.2589740891373587
CC_D97AA7C54F6D,0.13445929126184203
CC_D98BA5CE8EE6,0.4664396742058625
CC_D991DAD5413D,0.12402867071547428
CC_D995C89AA359,0.22404373111689138
CC_D9A54F55AD6A,0.08555984557381861
CC_D9B87A96C353,0.2853877340101313
CC_D9C42B0B6A0C,0.1670609982295511
CC_D9D487E78FAF,0.6399275161881348
CC_D9D744A66B09,0.08853894890105198
CC_D9DA3F6E2E7E,0.14794557746276432
CC_D9E5792258E4,0.09235024401184333
CC_D9E6B9CBEB77,0.04211222555439625
CC_D9F0CDB02AC6,0.14199648816020594
CC_DA0201D1BCF2,0.08155469281710849
CC_DA0500AFE692,0.05862772381690628
CC_DA0E0BD3880D,0.46772858666810474
CC_DA10F53AE655,0.6466556394255182
CC_DA1643A835A2,0.09396577048878964
CC_DA1C5BAB7E35,0.48772584143671854
CC_DA1DC6A6371D,0.21263796206653077
CC_DA1E6B31DD2A,0.708322314864125
CC_DA1F282809D0,0.03572984107812322
CC_DA226442D919,0.7321229952211521
CC_DA31EC318B1F,0.05633479765414869
CC_DA33597C6459,0.11353471006755154
CC_DA43CFB5CC2F,0.187020860452191
CC_DA481C72B8A4,0.24661379103251765
CC_DA55447636EB,0.03501748222161633
CC_DA5AE34842E3,0.10130485388956062
CC_DA6880B018AC,0.22606364046427221
CC_DA700A961616,0.1433853734224135
CC_DA7E65F1E6AA,0.07981750288940669
CC_DA80FAA7FE30,0.09972288383910348
CC_DA8DCCC1199D,0.3048244296133761
CC_DA8EA724C1D3,0.3541890847070483
CC_DA8FA65D1924,0.035730234134938095
CC_DA99D1E41C3E,0.055157952607718545
CC_DA9C3BEFD0B3,0.21899237426448145
CC_DAA3B7FE1C62,0.07954105896163118
CC_DAACE4211B34,0.18196436175429845
CC_DAD239E56638,0.779543678517148
CC_DAD4BC090253,0.05737114625414472
CC_DAEDBA26BA12,0.27606615508053717
CC_DB1EB08EB40E,0.11093876401172453
CC_DB2314ED6960,0.09178207963069597
CC_DB25E05EC5CD,0.3882942074116708
CC_DB3BE0C87882,0.04957235336127406
CC_DB44628BC147,0.17635846810567637
CC_DB562E602BA8,0.145713194294398
CC_DB61D7F5F8F2,0.7137920375176631
CC_DB6498598C32,0.17975840860289652
CC_DB6B59FB6E30,0.03272965644725489
CC_DB801B947698,0.28944439849526876
CC_DBB8C467FF1D,0.09561963822061104
CC_DBCD21C2C322,0.07961739877680642
CC_DBDB148E45DD,0.09596423454597201
CC_DBDF9BFA7E87,0.12239330130905253
CC_DBF5CD2D854F,0.20037146926992208
CC_DC0077DE6E39,0.20811008550245735
CC_DC23159A1F99,0.0511739116645013
CC_DC2458827FD8,0.26617340011153406
CC_DC2BE35D58AC,0.27402978537798883
CC_DC49C8D3F7EC,0.5487183103940302
CC_DC5DE66826E9,0.09862596337589713
CC_DC6063FC6464,0.08226378165423895
CC_DC771AE1B4BA,0.6617437734215194
CC_DC7DEBC30E17,0.44158364432847
CC_DC978F3A711F,0.7010527102120138
CC_DCA2140C7BC4,0.19629318901529813
CC_DCA5CE7C9DC3,0.11068181155717634
CC_DCB5798049B2,0.12635850539527482
CC_DCD10C95C942,0.487038198792438
CC_DCD145E8E729,0.3026902720395252
CC_DCE0BFC03B86,0.053166583629877716
CC_DCE75AE2FB52,0.06092888582930805
CC_DCFCEEF21BA7,0.3232889513444432
CC_DD12A8C462FA,0.09386840389828217
CC_DD14867350AC,0.1465455092861959
CC_DD232BC8881D,0.17347190445966812
CC_DD2473D34D68,0.2026806404076785
CC_DD2B5C4CD318,0.06322110449255429
CC_DD4EC06C3A92,0.2756861888885374
CC_DD5299DA8C1C,0.07014015634048598
CC_DD59BFF18ABC,0.20418728489566954
CC_DD6777E1B05C,0.04907138811207496
CC_DD6EE1501B89,0.09740448855720563
CC_DD78B52AE022,0.1420937605449609
CC_DD7983A07B43,0.7004720368155789
CC_DD80B5CC495F,0.1195592581071354
CC_DD8956B71825,0.6958184878856821
CC_DD8D40E7E2A9,0.09895298426175399
CC_DD9972D0B63E,0.16200252313420663
CC_DDAE70634ED3,0.09194748901385962
CC_DDB4A9FF2B03,0.09206028062139848
CC_DDB68302DA2A,0.12725235767220264
CC_DDB9DEC9C037,0.06091415687523322
CC_DDC610D2B2F0,0.06781218944219725
CC_DDCAEC6BD9F0,0.20609277470147994
CC_DDDF665EBD93,0.3162795292194547
CC_DDE66EBF2157,0.05677149986008909
CC_DDE8B7E9C7F4,0.3156581167890035
CC_DE019FC36D28,0.3925233433231366
CC_DE07076B04D5,0.13403579059480464
CC_DE07AECD2361,0.03560761105398697
CC_DE08A4514010,0.5397027963515479
CC_DE093FAC5293,0.3832053399621114
CC_DE17BC1C2324,0.044033206597609516
CC_DE1B13B3E504,0.03660085215813866
CC_DE4264861B73,0.08733380606696699
CC_DE4810B88C51,0.34444796223028273
CC_DE4EE8A16896,0.1592657328341923
CC_DE523A2403BB,0.1054918862809493
CC_DE52860CFBBE,0.2105195064024996
CC_DE593193FB9C,0.1808828741573036
CC_DE5A9B499ED4,0.0765452168314915
CC_DE6AFFA63ABD,0.11296176938536501
CC_DE7CEC14CCD5,0.6706131731790975
CC_DE7D7B5BBB14,0.6662082226074539
CC_DE81AAB7BF48,0.051640958862322284
CC_DE8956D433E2,0.6592795725657976
CC_DE8FB8D1CB71,0.3575290881048742
CC_DE90D07B269D,0.21556654773339945
CC_DE9A62529780,0.1755217290981945
CC_DEA425EA8441,0.11492528641070167
CC_DEBE01582EFF,0.21917818877490533
CC_DEBFD4E79A38,0.04389968354337129
CC_DEC97F13CB8C,0.17463919391356467
CC_DECF1507C86D,0.12479756134400621
CC_DED24C8D047A,0.13100089207231275
CC_DEF4AEBD31C8,0.27628471029550283
CC_DF062F698349,0.08382319467620498
CC_DF13D5CB626A,0.11741467429803844
CC_DF15C526CDC5,0.03972484515695134
CC_DF1F6C68F7D2,0.1530669647008793
CC_DF3EB88F509B,0.09148332825918669
CC_DF4E332C886F,0.030603090613116047
CC_DF514171DC30,0.15164649644013062
CC_DF536CEAE5C0,0.050957777638786846
CC_DF5806CC2CFF,0.13622736720005135
CC_DF715690EF20,0.30789446913914637
CC_DF718A37AF15,0.09735496759557367
CC_DF7276DD74AA,0.09543421138995474
CC_DF750B2D6872,0.38505182792540477
CC_DF9FB6670627,0.06538788604422996
CC_DFA65A0125D9,0.045148489013419724
CC_DFAE355359B8,0.18660505850930956
CC_DFEA562F7BCF,0.2561017819759514
CC_DFEDAF0F0D6E,0.038489949493650956
CC_DFF6F74C64B5,0.6953864433110454
CC_DFF87DF16763,0.1117679214318878
CC_E00D8ECE9FA9,0.1680158072695851
CC_E027E36615C0,0.5928053341268829
CC_E02E23CE49A8,0.09090119717341888
CC_E030B3AEBF19,0.17777262662786855
CC_E031A4C862C1,0.2015274474524158
CC_E0339B331F4F,0.09600557127098401
CC_E038981B2FEE,0.10570983983762205
CC_E0463868968B,0.13739491252001476
CC_E05A8621B581,0.30472466056958947
CC_E07FB0312232,0.15093505201160887
CC_E088594E0624,0.21395565291615495
CC_E09AC3B1E534,0.08276984072929612
CC_E0AC29AFCF97,0.19762444121976566
CC_E0BAC6E0D0DA,0.06718489757921595
CC_E0DDDA07F0A1,0.20935452837442228
CC_E0DF45AB72B6,0.24895376532242894
CC_E0E1F8E7379E,0.11378209573059737
CC_E0EF095444A5,0.1878122139482142
CC_E102E4F7F8B4,0.16385797885721756
CC_E109B4CA6A8D,0.12088658570518256
CC_E11470A2D92C,0.45031257989630985
CC_E117B8A6ADC6,0.03054893717818703
CC_E128015073F3,0.0889198027095603
CC_E131D5EB9237,0.18376358684409747
CC_E14A24095E9F,0.165600718033795
CC_E14CADF89123,0.5485824398162502
CC_E16876025011,0.05064438771851224
CC_E16C71C15D04,0.7013911034996673
CC_E16F1BB83653,0.04596741452237942
CC_E17448FB08EF,0.5923259974018281
CC_E17AAACEB07D,0.09145472106186757
CC_E1875522DC57,0.14974234976100895
CC_E18A0734641A,0.12096371682959665
CC_E18A22453843,0.07946484210511896
CC_E1B4E3360C0F,0.18434328664824137
CC_E1B5AE645169,0.0454635547357648
CC_E1B71F6B7DD2,0.35318956010919383
CC_E1D073F693A2,0.3603850265962811
CC_E1EA83C31C66,0.12248147772028754
CC_E1ECAE226485,0.21525670634028812
CC_E1F0C5076481,0.07951741308617763
CC_E1F78CE289D8,0.041779115026200166
CC_E1FBCECE0A54,0.20446175020390336
CC_E1FD46CA26D5,0.09388814891998715
CC_E20E7C7164A6,0.7550588326039024
CC_E211E2698C14,0.0370363306622998
CC_E21B4F587C45,0.16036566564248392
CC_E22A278A1386,0.0666261439211296
CC_E24078C03B7C,0.13238659100784733
CC_E2452737F950,0.15937531961594434
CC_E246119AA09C,0.6546852845361687
CC_E246942C7310,0.0800539722219942
CC_E2474A334F3D,0.08792558960816362
CC_E2489637D0E8,0.16136956459961382
CC_E2521AF9C2A2,0.08559588153151336
CC_E253F4AC4762,0.5799038367587083
CC_E257805D0F0A,0.166565521449892
CC_E25A924EDB70,0.09945518057644716
CC_E25B5D5502AD,0.09404529123752266
CC_E2619E24BEDD,0.7276532069463979
CC_E274DAF3C064,0.06920729299685908
CC_E2787CBDFBF1,0.15331505974491952
CC_E28AE2E68BB7,0.6685223550739519
CC_E2C3E272D059,0.22672024616451314
CC_E2D653061523,0.39074225916463123
CC_E2ECDC7D23EE,0.12208349012408894
CC_E2F0E725C3AB,0.05581628014718496
CC_E2F7712CD056,0.16597657882343583
CC_E2FD7FCF0AD5,0.7883932947298232
CC_E308C7DFB2F2,0.13564349768318595
CC_E30B791D5F11,0.2251584430516449
CC_E315F7A94400,0.33968887350888005
CC_E31DAB1E73F5,0.05712074239478023
CC_E32034C97E83,0.22093298558193883
CC_E32DBED5EAC1,0.2347519318261336
CC_E32DDDDEE3CB,0.21560212900526743
CC_E343EC3EB052,0.7268890375929061
CC_E34A04E78D60,0.12017140080367485
CC_E3503B565AD0,0.3501955653961273
CC_E356B05ADD56,0.18127831548608128
CC_E35D02BE6780,0.022338585736271215
CC_E369AAECB2B1,0.49333466076917604
CC_E36ACDB4F96F,0.45611421011713277
CC_E36C7F0E1657,0.833371440442049
CC_E381FD4674D5,0.03218758290785031
CC_E38E3835121E,0.039623147081155254
CC_E3A70438A0C1,0.2510739961936203
CC_E3B5C76189F3,0.24780308481465632
CC_E3B7B7E57889,0.14693519788884882
CC_E3CCC0D886D9,0.21702642179106368
CC_E3DD8AD10171,0.2642741510459001
CC_E3E230CF20A1,0.22232404055469732
CC_E3E4B2543CCB,0.054370740810682903
CC_E3E5DF01E014,0.1590460744798339
CC_E3EB157288A2,0.08035923902677065
CC_E3FBDA203EDF,0.1611740448481266
CC_E404FCA6CB2B,0.7112547649282899
CC_E4054F9C8442,0.303638295576547
CC_E405D808772F,0.03963438368817273
CC_E4137B250609,0.3016032984064119
CC_E41482A7E968,0.06723929528148366
CC_E421FA1874F4,0.1112085530575651
CC_E42C38BBBD04,0.16698442189219107
CC_E42D90BFB285,0.04796879995090771
CC_E42EFC05C891,0.0886204020300257
CC_E430F3C75969,0.09658479771307775
CC_E4576D6B6478,0.1188842736141799
CC_E46B27A13728,0.3859850622574708
CC_E4783FB590D4,0.1722824527873096
CC_E489009C6500,0.1678757843167671
CC_E493CB46177D,0.11590113361241183
CC_E496AFA9B40A,0.327484297131443
CC_E4A2FFE0EE1F,0.11377007510307519
CC_E4C553538385,0.4124874081574294
CC_E4C7B5501ED1,0.2025775726770611
CC_E4C8A5A60F51,0.17377197226913635
CC_E4C94AB69214,0.44633990956468744
CC_E4D75244E8B8,0.31735677649115657
CC_E4D9A8EEDBAE,0.1840464541965029
CC_E4DF787730AA,0.1158805375686382
CC_E4E0DC070132,0.1351885350072849
CC_E4E3C08B7F86,0.05331975486976084
CC_E4FEEB4389C9,0.4303750680465095
CC_E50598344DD9,0.41093920923274085
CC_E50C634A9A18,0.031100725263562817
CC_E5107337FDD7,0.04814588982675147
CC_E511BFCFEC9E,0.6181505288088528
CC_E51318749E09,0.0917916803403676
CC_E53FE6708AD9,0.6818556696634221
CC_E54290FEA34D,0.11206261171512144
CC_E54B723C018B,0.04629301980482877
CC_E554618F383B,0.09644859381728015
CC_E557336955A2,0.0969541231551692
CC_E55B48E73651,0.19047371399881421
CC_E55D8DC645B9,0.05199140929152966
CC_E575DA02C575,0.2187072884246659
CC_E576BD98A727,0.18952651947664323
CC_E578DC77656B,0.1417379307310554
CC_E57F3EAFD9A3,0.15756519168966507
CC_E59A01603B7D,0.26381833978737473
CC_E59B2D974CB3,0.19150895449057362
CC_E5A1C44F0F07,0.6605926900133778
CC_E5A8BDF6BFC1,0.15879646478017592
CC_E5B284DA0E5D,0.10275173393772347
CC_E5B8363BB378,0.5933972643167457
CC_E5D8BFFA5F88,0.054572146156042195
CC_E5DA04902EFD,0.28175947267502005
CC_E5F53CFC20EC,0.061915192824656656
CC_E5FAECE63C59,0.5169731185715074
CC_E5FB6E872C58,0.07055571899489986
CC_E6045565E7ED,0.06844233412578073
CC_E60845ADC7F1,0.04206629588888417
CC_E61567D6B392,0.12209589859402066
CC_E62174AFA94C,0.1522133702383881
CC_E6247DD14641,0.10736260455184322
CC_E6289A61F0ED,0.11467531634193807
CC_E62E32FB6FBB,0.027782500456012604
CC_E62F6BE942DC,0.26552812479574334
CC_E63E49B128AE,0.10628784719835445
CC_E63F89885A3E,0.7895957637261161
CC_E6466E6A92CB,0.24376602040807546
CC_E64BC95F8B2A,0.8264638770728275
CC_E64C652BBAB2,0.07856720316097499
CC_E659DB355476,0.17485344616767043
CC_E65C8BA5A7CE,0.053977041282585896
CC_E65F39446752,0.3751252394114748
CC_E67395791589,0.1828662996462187
CC_E67622A69EEF,0.06949778542807106
CC_E680830CAEF3,0.06278508113273334
CC_E6823643AC4C,0.6909542357515505
CC_E683F33931BB,0.14510612442429477
CC_E68841DEB163,0.10434801712680657
CC_E68B2C33D180,0.1247634493387542
CC_E68EE6EC2618,0.0404071643765054
CC_E69508D3D3F1,0.2310200497620031
CC_E698F1348426,0.22001090002403503
CC_E6A178F3709D,0.1316595820233378
CC_E6A4B6E8619C,0.6826795501636599
CC_E6B3887C66BB,0.28797183105685065
CC_E6B6BBBDBEDB,0.28647542778652674
CC_E6DBD0F9DC3B,0.09390598804865029
CC_E6F090F70DDD,0.25986867831861266
CC_E6F2D8CB45C6,0.10262121677666534
CC_E6F8FBEDA2A7,0.1161450834048251
CC_E70854CDFE9C,0.057438909269935834
CC_E71C05F07F85,0.05471601098047488
CC_E72797CABC60,0.05422584416766588
CC_E727C1153226,0.08761031325015962
CC_E73489D828C7,0.10785075863865334
CC_E7355465CE6A,0.07926503910771904
CC_E73CDBC743FF,0.22271594290278587
CC_E74F00E75A4F,0.07033170399315114
CC_E751F7E19192,0.1580391935717767
CC_E7522AD6431A,0.530431085718722
CC_E7523630D2D9,0.25557088454109994
CC_E767372DD95A,0.6562489520983698
CC_E76C5DFD3BA6,0.1979617180669403
CC_E77326438575,0.21772717332543554
CC_E77E29E11EB1,0.16837033892263767
CC_E78F20B3223F,0.7054643200267353
CC_E79A23E64518,0.1045361603478105
CC_E7AC69AEA182,0.7549066870918334
CC_E7B754CA9668,0.043026110361605134
CC_E7BA60365AE8,0.16923991679163453
CC_E7C95D4A741C,0.08869227699983878
CC_E7D3D728EC5B,0.18985141508966877
CC_E7E4D5F851D3,0.06713948146713496
CC_E7EA49D37B64,0.3529429153296431
CC_E7EF11A24F73,0.7848561080592323
CC_E7F6F9A7EC65,0.06669034974768744
CC_E7FBC7F69DBB,0.20898505166364298
CC_E80B1A55A74D,0.15784815024704982
CC_E824AB0AFDBB,0.19858410039456573
CC_E826DAC92D9D,0.2096858160982151
CC_E83AB7100D06,0.12027570523313581
CC_E83E6D31EC76,0.2733159311955001
CC_E86650461FBE,0.1653033228531298
CC_E868A3754B11,0.8382585469571576
CC_E86A993F7D05,0.07027461287763524
CC_E87992FBEE80,0.6310782766600723
CC_E87B909C4DDD,0.1963864425208389
CC_E8828BA7EE08,0.14327894482210687
CC_E886157F6FBD,0.31350123074515074
CC_E88711C5C98E,0.11176947593082237
CC_E887680BB6CC,0.12662048172398963
CC_E8909BF77D8D,0.11639362338315246
CC_E8A82DA3A246,0.14817081600867718
CC_E8AC7545DBD3,0.08913243758487853
CC_E8BA6B224C3E,0.12768884723736357
CC_E8C6CA45BF72,0.23107807723214982
CC_E8D2E3126A8F,0.6626900996431996
CC_E8E55DAC4FF9,0.04731958892717717
CC_E8EB77AF3F78,0.8082557370378272
CC_E8F2C6905503,0.40408097894545286
CC_E90831F897A9,0.1837702896891916
CC_E90B14D51185,0.4872082673037174
CC_E9188329C9E7,0.10581352567771503
CC_E91E1C0C0C61,0.6638914141194416
CC_E91E9D34C5F3,0.09947330224365815
CC_E91F555DBA96,0.12861091304495997
CC_E932CFF4B4A4,0.23049928407572542
CC_E93643CB34CA,0.17574766804011935
CC_E937CA493910,0.16773646160517086
CC_E9409A50B4BF,0.5182691866827004
CC_E96711AD5512,0.04215637055756547
CC_E96A3E6912B4,0.42699073461993
CC_E98AEE74B9BC,0.23850000008861458
CC_E992FB78BC2D,0.269342188355927
CC_E9A3AECEE3A9,0.07753060051593438
CC_E9BDA7766728,0.23985072724416667
CC_E9BF1AFE86C3,0.2067841335495141
CC_E9CA055AD1A3,0.09652025910927155
CC_E9CA0A56E917,0.17405249546722254
CC_E9D3453F53AC,0.6302022627486911
CC_E9D46EFFA839,0.20522026113514616
CC_E9ED872B6037,0.039572756193533766
CC_E9F40C1B559E,0.16294799915237765
CC_EA06928C0AA9,0.2792259361684291
CC_EA0A46F64C80,0.1406078022327408
CC_EA114B15FC04,0.5760798600418476
CC_EA1F3F67BA2E,0.0906022289462781
CC_EA21618614D1,0.726445279866113
CC_EA26B5A89181,0.23027000252844723
CC_EA26C6C27662,0.21743462457167584
CC_EA3B5AC76649,0.2421180040459626
CC_EA4E669C8528,0.08223870967865761
CC_EA6917E7A5C2,0.6900565671530549
CC_EA8A25862433,0.12135938936649344
CC_EA901D7CA670,0.19510820795376818
CC_EAA2BCE323EE,0.7197964520975945
CC_EAA6D5189190,0.13026400925450088
CC_EAAA8DD7FAAF,0.18164568793915684
CC_EAB7408CCE0E,0.3599272077308835
CC_EABEDB3C4827,0.14853375217510686
CC_EAC6D83D1BFC,0.027214041347428275
CC_EAD7F3E9DAD1,0.06564871092996542
CC_EADC7D8196C2,0.3026438319572604
CC_EAE608E24E29,0.03970017646721164
CC_EB05AD2C7C27,0.04122919571151142
CC_EB1DA337E2D1,0.16681709846124346
CC_EB1F425EC937,0.12294911252265787
CC_EB2FE764BF6D,0.16358418264965943
CC_EB55483587DE,0.08142196666440653
CC_EB569B3E2E12,0.6388544221814594
CC_EB57E6E6C96C,0.18865196703983514
CC_EB5A0FE0605C,0.11866962181873864
CC_EB64EC97D01D,0.12268778388689916
CC_EB691249B91A,0.13931029643843382
CC_EB7C50A7D4C1,0.42046513318610224
CC_EB7C52FDBEC3,0.21355554703199972
CC_EB86FED24535,0.30554811420508615
CC_EB89DECC2021,0.12277667190450031
CC_EB999F9D6095,0.20016439311345055
CC_EBA2F85924CE,0.07052175521096278
CC_EBAC5A53FD11,0.09315484033436978
CC_EBB109EF7619,0.19671074527485663
CC_EBBD00C18763,0.04071380926549337
CC_EBCA68C7854D,0.05855263214358516
CC_EBCBDE122879,0.16535214907966486
CC_EBDF6C88BBA5,0.0769249122976756
CC_EBEDAC91ED43,0.0855752333691463
CC_EBEEC4183FDE,0.04915593942644906
CC_EBFD9D007253,0.4250629507498904
CC_EC1ABC58E09A,0.17858285163045787
CC_EC26EABA68DC,0.8034043003390119
CC_EC2A485A3E71,0.15470416206974788
CC_EC3B9E2FE47B,0.0910968021003644
CC_EC505F03EE5F,0.032912624070648426
CC_EC5317EC6706,0.19259437785699626
CC_EC5B7FBD1EA7,0.15634765820550042
CC_EC5C7471FFC5,0.04905674783326996
CC_EC5D92B3617B,0.18538748176099307
CC_EC5E214BFED0,0.6807437373610926
CC_EC6406527201,0.1138965934779567
CC_EC79022358C6,0.3294715815189159
CC_EC831A90189F,0.08525061390868162
CC_EC87C131FADC,0.03810280939320417
CC_EC88785D6F39,0.2459275734479168
CC_EC9173F5284E,0.03399843604428671
CC_ECB7B3B6272E,0.059799632904016076
CC_ECBF4CED56D1,0.10217845897921464
CC_ECBF80B94EAE,0.813273751751986
CC_ECC78B7AE3F1,0.5898450441329592
CC_ECC7E9E691F5,0.15221472164703007
CC_ECC9235F612E,0.27936787231984694
CC_ECCB0BD557DC,0.15704284844112498
CC_ECCCB1B4EA8F,0.08544015794692918
CC_ECDDF4983DD9,0.043799140344284594
CC_ECEE93C4F564,0.5263615849039156
CC_ED07BD8B2CB3,0.04779706397930816
CC_ED0F4A02A01C,0.2364047861871139
CC_ED11D72A1D3B,0.054738602831992854
CC_ED165FC5A06F,0.04937044313951591
CC_ED2B6A40ABC7,0.26180570433767025
CC_ED390F22A931,0.0921732802816213
CC_ED40E7CE5177,0.2410795958412922
CC_ED4E4B13DB1A,0.03960514222951078
CC_ED4F22572419,0.15542877297202914
CC_ED5AE5CB1DC5,0.052879519369440964
CC_ED6090A4E6E4,0.2334274992403863
CC_ED645D91E6A5,0.10447844787735223
CC_ED6B045B6075,0.20281773444318774
CC_ED9313C71C57,0.14991379240204775
CC_ED9BCE7C776F,0.7400855278459875
CC_ED9D4644716C,0.14516164532880252
CC_EDA794402358,0.25315816271756975
CC_EDAADACD4DED,0.09725612123281174
CC_EDBAD2E989FB,0.15482448553033615
CC_EDC98B474E76,0.2926037202022715
CC_EDD1FD49A66A,0.7648502155122583
CC_EDD448008C0C,0.7057306452779194
CC_EDDA3B790095,0.05627798041375128
CC_EDF95BF0E3D6,0.18702780134700178
CC_EE03D7C2BC69,0.059714462563192926
CC_EE0D95184E81,0.048508268994916864
CC_EE0FF690C214,0.47108657451176955
CC_EE2412C352D5,0.10333620763579897
CC_EE2A010019CF,0.0657666034562166
CC_EE2AC730827E,0.051730440756264325
CC_EE3236E6A9FD,0.11709403830695637
CC_EE3759EA49FF,0.14879946585115014
CC_EE38C78AD88B,0.42471224600342466
CC_EE3CE0FD6B77,0.5474239324074699
CC_EE6B7E58FC63,0.0385586793314145
CC_EE6E02464067,0.27886232573373465
CC_EE6E1FA7A753,0.16793450115193878
CC_EE6FCE6C233A,0.24487834160028588
CC_EE88C07B9333,0.07632137831372758
CC_EE9004165810,0.06947688996433247
CC_EE9BD17AD343,0.05290092024224393
CC_EEA608D5A455,0.15315042410128096
CC_EEAFDB1BB486,0.5004280892218543
CC_EEB482736C41,0.2664707266329016
CC_EEBD9DA093E1,0.04331163597851886
CC_EEF23DDD2262,0.15767155453118573
CC_EEFBDC9AD94A,0.08212208745996546
CC_EF05000895F4,0.4925929225277184
CC_EF16B2CE0988,0.37378242095049014
CC_EF1DD3F0CBDF,0.05241161624552714
CC_EF2D82085BB9,0.10101856384074005
CC_EF2DBE79D656,0.23844055195516042
CC_EF3000C48A4C,0.06222549581723703
CC_EF359AF608EA,0.03771907317532791
CC_EF362432D758,0.3126769674562136
CC_EF548B30F1B6,0.20802060708464842
CC_EF5B403DFD7E,0.11730280586671454
CC_EF66DA0DDF9C,0.33796766012958335
CC_EF70BA4AEEC4,0.16607947840109175
CC_EF83DD56FCC5,0.05693948486256093
CC_EF8B642A6F8D,0.05755712002782475
CC_EFA1EB27DA19,0.03245850483255023
CC_EFAE84EA9BDE,0.08995985160881544
CC_EFB26BEA106E,0.30589608980857164
CC_EFBB51CD8502,0.2166587694536332
CC_EFC18E9B3B55,0.12873331024692722
CC_EFC4B0020E2D,0.15258989284188207
CC_EFC9FA5108D9,0.21432147223267495
CC_EFE45D9B9D9C,0.04493481080509721
CC_EFF27FA98DF1,0.05740208589379805
CC_F000DA497736,0.3001332584500913
CC_F00107DE219E,0.6399859432449266
CC_F009FC54A64B,0.7742863687893847
CC_F01DF28C6BFF,0.10423283618604318
CC_F037C91F63BF,0.13572610971951038
CC_F03FADA95A03,0.7596320154346583
CC_F05235F3C894,0.11589232581742082
CC_F0649FEBFEB8,0.48163312399773844
CC_F066C78B5C0D,0.15236091284599818
CC_F07313626618,0.6259574725671594
CC_F0783F6A56F5,0.7960871896743505
CC_F0791523691A,0.18904667989530896
CC_F080750455CE,0.0503225565431078
CC_F0809EBB0B51,0.02470389212148788
CC_F08259F86E23,0.18660509269987466
CC_F0929F859702,0.19749111821817092
CC_F0A7203CCA39,0.11466091779617398
CC_F0CD4DD9C63C,0.13313944515804693
CC_F0D29AD328E5,0.17876229503333566
CC_F0D339E5B80C,0.04955743834277215
CC_F0D3BC14FA77,0.09099343783029941
CC_F0E16D28D49D,0.19056342959357406
CC_F0EBE2C00A7B,0.07173785463036904
CC_F0F137758DC2,0.0544250897998077
CC_F0F6BD40CA43,0.328221484398607
CC_F0F6FCF6010F,0.1846184078207764
CC_F0FBC9D4ECA1,0.0303273694711677
CC_F0FEE924096C,0.21285233227894687
CC_F1074E035DE6,0.0651171965730972
CC_F108D26930FF,0.38716365889052295
CC_F10DB853B9DF,0.3938397201711333
CC_F10E06D52D76,0.12487191485703292
CC_F11F5F477B91,0.6709475800325174
CC_F14913B5BE1B,0.7377536707857882
CC_F156C1647E3D,0.09306929711370175
CC_F1598097E314,0.6852714317169332
CC_F1641E3AAB3C,0.04779775054695703
CC_F166878FB959,0.05252025243905301
CC_F17540FE7C9F,0.10371284531345994
CC_F175BB08B29E,0.045132587032083726
CC_F1782AF286D0,0.33168211614316756
CC_F1796AD4B774,0.5858192992666299
CC_F17B3A3A5E56,0.582497216138114
CC_F1858D6F0080,0.14697862038443374
CC_F18689FA8E29,0.06618965524835896
CC_F18A82B0F153,0.14710598042702946
CC_F1AE7142A128,0.10458365740537277
CC_F1B43DD57C9C,0.11317748210270397
CC_F1BCB7676492,0.09587185879254657
CC_F1C8B8BB90AE,0.1281317275693672
CC_F1E044CD2D75,0.24938519100823042
CC_F1FCB96B5E14,0.2699969913234533
CC_F2067E92A939,0.14660356766453456
CC_F21512554CC9,0.08769885990127763
CC_F243956B7575,0.09871992801342933
CC_F24FBC9FD3F7,0.314635872865411
CC_F252EB3F208B,0.07149045894463077
CC_F25D793346CA,0.3615252696927071
CC_F25EB1ED5AD9,0.08148417601353453
CC_F265A0AE845F,0.7341784979325253
CC_F274BB4AEBE0,0.05061854161994484
CC_F28BF2185131,0.06753093732683305
CC_F29077E45AF0,0.25849046449826424
CC_F2988560CAB8,0.35099565674194744
CC_F2993AB36C56,0.11161124580310944
CC_F29D6C65779E,0.0798607478436383
CC_F2D2BADD0000,0.05804433576360202
CC_F2E4AEB73D57,0.11299848773337738
CC_F2E630BAF431,0.03771230830509188
CC_F2EFCB40AE74,0.14418570705074998
CC_F2F085891915,0.6944507226107407
CC_F3030E2C80A0,0.19717220721056936
CC_F3044C7C16BB,0.060749684387580695
CC_F30B21CB4603,0.10685165306019213
CC_F3140FCE870A,0.1073221125915103
CC_F32A84B321FC,0.15754268931632884
CC_F339FF584607,0.26063465436141137
CC_F33CEE0F6DBE,0.408062904430013
CC_F33DAF3E9CF0,0.13060031308587564
CC_F34EC3FF202F,0.060204643003300175
CC_F35A6C383B39,0.20541101473640963
CC_F360E0FF27CA,0.0632003682217353
CC_F36B7AEC0086,0.15432592799919045
CC_F370665BECB8,0.5313517826951765
CC_F373A60E53E8,0.04174226865396454
CC_F373BDAE18B2,0.07753001578401951
CC_F3745BC63340,0.06100924394064982
CC_F37DC9169301,0.11070604853179651
CC_F394E57C5243,0.245201667682171
CC_F39E98FD418D,0.07602891680995363
CC_F39F51452381,0.03616073973121069
CC_F3A52465664E,0.0622621246203516
CC_F3A8CF761A0F,0.2534507049158359
CC_F3BF1709E29A,0.38879114367643064
CC_F3BF72C29211,0.062291946973121216
CC_F3CF35465CF1,0.051009180881194854
CC_F3E2186DBD4F,0.2647732235896308
CC_F3F0F9B9B56E,0.15573568511023272
CC_F3F185395BE1,0.1295560982498241
CC_F3F68E6599E7,0.07122145771415221
CC_F3F7763C9DFE,0.12460532688776359
CC_F3FFF13592CE,0.05688931189182498
CC_F410C3CE89E1,0.14282925067485402
CC_F410C8B811FE,0.05208881084451145
CC_F4132072D78E,0.10683010445183057
CC_F4157B8E5B32,0.5515893534632944
CC_F41CF067E828,0.12016416959815145
CC_F41DC456E539,0.04161741720218408
CC_F41EEF55A0EC,0.039402545750141134
CC_F426B5C1F07D,0.3038082955672659
CC_F437875F9000,0.1827350722649128
CC_F43C961F8A30,0.14371880236433807
CC_F43D9BF23472,0.05380879349619172
CC_F444BE033109,0.11974129134192113
CC_F4481124F17A,0.16928641030620317
CC_F44EAAF80F70,0.09884171057247916
CC_F4521F6D3492,0.47345155690074336
CC_F46BD9AB1B68,0.12782307998146308
CC_F4763AA0B824,0.6257137231604561
CC_F47976F33E20,0.2100518375229952
CC_F47E588D4470,0.17890125850339275
CC_F4A2777912C2,0.1311206912321887
CC_F4A6C2B23685,0.06496764288422324
CC_F4B3EAEEEA8B,0.04175042022734377
CC_F4C6CD1E720C,0.06926890961925368
CC_F4D05DA98C83,0.07126156866734285
CC_F4D15889CDE0,0.1661890922742502
CC_F4DEC1E6173D,0.04200768745607077
CC_F4EFAD6AF8BD,0.3096729477729587
CC_F4F7835A1FA2,0.23582785600419634
CC_F500597795FB,0.20499022731985447
CC_F5197FA9580F,0.6616928758813101
CC_F5240F59146F,0.09461138583964995
CC_F534A0B87C3B,0.16907192735176987
CC_F536972BFE98,0.12563089186553492
CC_F54FDFE5A5C8,0.07722120342967985
CC_F55727F65F86,0.1869712246760288
CC_F558EBDCDD6D,0.1326781239336375
CC_F56D569AC51F,0.09548096986466359
CC_F5714D180EE1,0.128994196758902
CC_F576ED9554AD,0.33107205633945264
CC_F57C2559358E,0.1794813282295209
CC_F5AA72FC0972,0.11977325629218627
CC_F5AE7DEA2B48,0.08660344563096545
CC_F5C6A5E9D495,0.20746173295511303
CC_F5E0731F2181,0.20171380154015675
CC_F5F4F3B03FE8,0.7078178155394604
CC_F604D7B9CBD9,0.2207911669765501
CC_F60F13391D61,0.18522953429081143
CC_F618D72DF162,0.07729505264999488
CC_F620B15ACC5D,0.07518937628482557
CC_F62D426D6614,0.12064787419357963
CC_F634999D5C1D,0.02532709537555525
CC_F636E5BAEE47,0.19843760524008425
CC_F6461B692240,0.7067283546903694
CC_F65BAD63AED0,0.18772260609465966
CC_F65DD2AC57E8,0.2659966104077526
CC_F66C6577674C,0.05566592427907616
CC_F670896FE959,0.17540917222528704
CC_F67376F272EA,0.662771100630173
CC_F67FFE9E884E,0.22440251343368378
CC_F683C99F06C1,0.1597422111897302
CC_F68523E2CE7A,0.7399503182064717
CC_F68E62F9AA0F,0.031237678860283825
CC_F69604E05962,0.07859989436818708
CC_F6B8913740B3,0.09869957137118789
CC_F6BB4952DD35,0.24588958255849172
CC_F6C0B7AC57B5,0.6166885516603674
CC_F6D2B06E6E8B,0.6187219907912492
CC_F6EB30A84C9F,0.2661947361261006
CC_F70345A4792A,0.1241540197763751
CC_F7068C1F77B3,0.35249815958286285
CC_F70B0EA8C0E7,0.06870856734552494
CC_F71CC97FCE83,0.09281396222925693
CC_F722224A84F4,0.7137011287190265
CC_F72D1046063A,0.28237472224189486
CC_F72DAB32A281,0.0576877469890558
CC_F733AA5C0ED9,0.07932623718639446
CC_F74043C1BBEB,0.059990946500932875
CC_F74A31E36137,0.061087177452932594
CC_F756B167634F,0.18344886600576793
CC_F75CBE8E1B92,0.4787836785604726
CC_F761F7EEAD39,0.14938209182108494
CC_F79303D62FCD,0.07845007599690039
CC_F795134B52E6,0.6398669817144865
CC_F79533E83ECA,0.09842610815583568
CC_F79F9A7ED432,0.7011713564581843
CC_F7B2FC73E020,0.041251938213561545
CC_F7CF24594B20,0.06590257939997454
CC_F7D31937AA89,0.04389945628600872
CC_F7EFD378035D,0.33219946258580074
CC_F8014B1E00D6,0.038436357923229844
CC_F80ADE95A7C8,0.05040304355567866
CC_F82E58E476A9,0.11574011519085116
CC_F82EB123CC19,0.24176760261862937
CC_F83088660331,0.08419581744103621
CC_F83C6DF6A815,0.5159205630399909
CC_F8620C4F7581,0.1795487866333482
CC_F869F4DA5077,0.8009896206240085
CC_F86B1C53EAF4,0.29285348366496183
CC_F87B7F26FF51,0.23257292457570736
CC_F8803D1C899B,0.06277424432516734
CC_F892E51AC9DD,0.045667366986200386
CC_F89C185743F0,0.13943864419766608
CC_F8A4D45C3769,0.08751333839209002
CC_F8AD68EA5A16,0.2395381108052099
CC_F8B4DBD0CE8A,0.3427954633942321
CC_F8F3E551F166,0.2661210303875426
CC_F8F9FE2C9B65,0.299501302968503
CC_F912A50D0DD1,0.1487280992878446
CC_F91B7C2B1AFD,0.10626510382685624
CC_F925251D4BF0,0.45182962094969864
CC_F925ADD60E7B,0.0488441637714964
CC_F9282C144479,0.05604640526827065
CC_F92EE3287CC8,0.11606007329150934
CC_F93332608FE1,0.13252528325272547
CC_F94070DE3B81,0.05709915765799891
CC_F94C81428D20,0.19656985298910057
CC_F95DFFDA9B12,0.3747792785469873
CC_F96A53B02447,0.4967327004245265
CC_F96A965CDCB0,0.6386977146979959
CC_F9721FEDBE9E,0.1609182852958758
CC_F97C3E145882,0.23903599677426915
CC_F97C64C64052,0.0765757696775727
CC_F98660A07E6A,0.8059319281395204
CC_F98BA4B13724,0.07718057603496974
CC_F9A3F3A76B1A,0.13593550063518337
CC_F9A8E2B3A703,0.09726504106965263
CC_F9B3E7E7F2A9,0.4333797241335981
CC_F9D7D0B1E4A8,0.6881697398189708
CC_F9EDA4EDDD44,0.043961613480132465
CC_F9F2176B12FE,0.04912182339662336
CC_F9F90E76CA5B,0.09523424329987308
CC_FA0157249C01,0.09958345217056608
CC_FA169BCA835F,0.09282193839309932
CC_FA19B61BCABB,0.114342124796588
CC_FA1DD203C293,0.27286459454456885
CC_FA2E30269BC1,0.1906013826663402
CC_FA304CE8E045,0.24786704701777681
CC_FA310759A257,0.6674506706322177
CC_FA32397E7B8C,0.1410381970673176
CC_FA33D97B84D4,0.08899134465879734
CC_FA38991B9434,0.026453191723595088
CC_FA4079FFF1E5,0.1932323442824764
CC_FA716665CD8F,0.07127025779909961
CC_FA770268B207,0.17354501363553856
CC_FA7A2F59245B,0.4841314756355726
CC_FA8205104EBF,0.07191235289897809
CC_FA8370AF8740,0.04866729183218596
CC_FA858F1025FF,0.12763330061998454
CC_FA86320CF6B0,0.051833913981153425
CC_FA8B341CD3EA,0.24051114886971559
CC_FA9057AAF95B,0.10303498846177774
CC_FA97314C666C,0.06207741088037221
CC_FA974C1D91AD,0.33089065192074046
CC_FAA0E5BC9F44,0.7037897627245734
CC_FAA2694D8578,0.301091281019462
CC_FAAFFC74BC35,0.700243873271064
CC_FABA6DCF8E45,0.030637653779701568
CC_FABC53294AC1,0.27626964859420733
CC_FAC52B8E66DA,0.09495054429214024
CC_FAD284D8DAC8,0.8427766923575084
CC_FAE70CA5999C,0.13652031235925177
CC_FAF1CCB40132,0.08463803164103034
CC_FAF93D8B3B59,0.04839049413466537
CC_FB09E5481B64,0.08785241905941121
CC_FB150A1F7C3B,0.1276868670301808
CC_FB1808471515,0.4015260875015136
CC_FB296D823CF6,0.08093629408138198
CC_FB301E1FA7FF,0.038681713121311606
CC_FB33C958A19E,0.43098558369773804
CC_FB40D63FC3D3,0.14958732711893347
CC_FB45A1837AD7,0.08923857295653297
CC_FB45B79CED15,0.09925787112751576
CC_FB52260232E3,0.04679352199987006
CC_FB6A0A7B8813,0.2660253368951203
CC_FB6ED10D82D2,0.07588166002324136
CC_FB78DE84AF05,0.03323269269027882
CC_FB8DF8F93E7F,0.20127938568052273
CC_FB8F89048B89,0.09305750199924362
CC_FB9C3E77A49E,0.11158821901529488
CC_FBA40CEAEA18,0.08731707914818533
CC_FBA998938FE5,0.1322252128832899
CC_FBADBAFCD1B3,0.24557660229165704
CC_FBCB85E21ADD,0.1525712696238027
CC_FBCD00EE4402,0.13524266149469752
CC_FBD40DFBA5D5,0.21315209949115607
CC_FBDECF3DACAE,0.24863083746920223
CC_FBE4E2F652EB,0.20029871767590937
CC_FBEA9510C687,0.2708933262774962
CC_FBED1E2E1CC0,0.1626337996690522
CC_FBF54E48EB13,0.04439762354273368
CC_FC1E279EF320,0.045911327432361565
CC_FC2E1D460089,0.0882256220346306
CC_FC31CBD20CDF,0.17033044885473728
CC_FC41D8134A1C,0.08293909755256916
CC_FC44D7EF257E,0.05026632016924746
CC_FC4A649BDD07,0.19967770493542278
CC_FC51BCDBB6B2,0.14107811906047696
CC_FC57B6E79AAC,0.2186058517938159
CC_FC6AA879D9CF,0.1414561123526062
CC_FC7A926F3A64,0.7006632166107859
CC_FC83CB9C71CD,0.04578886846733149
CC_FC9E6D511294,0.12894160727211426
CC_FCA657E69930,0.32986115011541833
CC_FCB451237214,0.7771746141211007
CC_FCC7E51DF812,0.4385126695986237
CC_FCD42ECC012B,0.05893290638030183
CC_FCE8FAEAAEF1,0.11104690684600949
CC_FCFAE9BE2522,0.40937875870522294
CC_FCFDB5DFE5D4,0.0934493147908329
CC_FD24FC7961A5,0.07105567964411112
CC_FD2793DCB5EF,0.11161735753677786
CC_FD2EEF724088,0.12119846825859366
CC_FD3205367675,0.10085220293719355
CC_FD3A21CDCA7C,0.08833708541800113
CC_FD3C4C2FB68C,0.1865872819611548
CC_FD41687DC1A0,0.12578446178668654
CC_FD44B4E31EFE,0.07565193348297831
CC_FD5721556AB7,0.08575663347780292
CC_FD643C174587,0.2761835595933404
CC_FD6BFA30DD9E,0.23324187495514914
CC_FD7C9DD7F11B,0.12310304733025668
CC_FD7F2D90CF8C,0.05166664481950992
CC_FD8C4F601909,0.05576414626983644
CC_FD90B45AA24E,0.10387501215072527
CC_FD95457772AB,0.07173131260585246
CC_FD9D9B58DB1A,0.21585669822962059
CC_FDA918AEB5D6,0.6054902570816085
CC_FDD4C2065540,0.3532804109282028
CC_FDE57A2C5156,0.2150203303351721
CC_FDE9920975F6,0.21878114199361345
CC_FDEC856F9C6D,0.05755292518014251
CC_FDEED2AA92A3,0.435171859505195
CC_FDF5607ECC1B,0.0541430196883051
CC_FDFED3D7E70E,0.1362854468750705
CC_FE0324F99784,0.10323065347908138
CC_FE0A18D6570D,0.044433276023610004
CC_FE0DACAC84BC,0.2318855060452896
CC_FE16586C9FAB,0.2475344906156612
CC_FE16FBC86237,0.16763327929496685
CC_FE1C808C4515,0.04873626595767513
CC_FE1E64201B9F,0.11133278582006655
CC_FE33D60E29EB,0.03502286021594232
CC_FE3ACE674BEA,0.16121618443766436
CC_FE468E9AA9D9,0.0309419846790006
CC_FE5AA923C220,0.16531521609481384
CC_FE6C777DDC19,0.0644640923573614
CC_FE6DD8C8EC90,0.2565160222094745
CC_FE7A84AAA8F7,0.1837707840475571
CC_FE7DB6B410A4,0.15833147640942075
CC_FE8691B1F3D9,0.084297684923384
CC_FE874279A94B,0.1265556006595513
CC_FEA61499305D,0.1974920182580845
CC_FEC22B334AC5,0.13186516487806788
CC_FF045F9508F2,0.1555257625362824
CC_FF0EFF711598,0.24406432644480328
CC_FF12F53D5676,0.04747321026410684
CC_FF13D426EC1C,0.18181640696333445
CC_FF16A7C8600F,0.24748103477262837
CC_FF2236DC115C,0.3535869090923391
CC_FF2725428B6F,0.05220546422567431
CC_FF3176D91690,0.13153066122579915
CC_FF393D295D66,0.045566925352653886
CC_FF4598202C5F,0.6757758277101004
CC_FF463A4B3D04,0.24911522840421685
CC_FF4703F7664E,0.06076502251258711
CC_FF86EC3C0851,0.4425216955887062
CC_FF8A580DD831,0.14009915747765447
CC_FF8BD8697ADE,0.11879877173272135
CC_FFA681A2054A,0.05062273165774906
CC_FFB6B2D2BB2A,0.35192525210069386
CC_FFBFA27643F8,0.13200285291468647
CC_FFC81CC80F9D,0.14920252734922473
CC_FFCC9C0763D4,0.11135549176586297
CC_FFD4E33DC920,0.5086152764284968
CC_FFDE11143038,0.05571606517825666
CC_FFEF28047C4F,0.3415009871078891
